date_collected,block,plot,treatment,crop,plant,reading_1,reading_2,reading_3,average_reading
06/26/2023,1,A,SM,AS,1,28.1,26.5,29.4,28.0
06/26/2023,1,A,SM,AS,2,29.6,27.5,29.4,28.8
06/26/2023,1,A,SM,AS,3,32.4,33.2,31.1,32.2
06/26/2023,1,B,BM,FC,1,45.2,50.6,41.7,45.8
06/26/2023,1,B,BM,FC,2,45.9,54.3,53.5,51.2
06/26/2023,1,B,BM,FC,3,56.8,40.2,58.6,51.9
06/26/2023,1,C,CM,DB,1,28.8,29.6,28,28.8
06/26/2023,1,C,CM,DB,2,30.7,29.7,27.4,29.3
06/26/2023,1,C,CM,DB,3,28.2,28.5,25.5,27.4
06/26/2023,1,D,CM,AS,1,33.4,33,30.4,32.3
06/26/2023,1,D,CM,AS,2,28.4,32.1,29.2,29.9
06/26/2023,1,D,CM,AS,3,29.7,31.7,29.7,30.4
06/26/2023,1,E,CM,FC,1,32.6,36,53.3,40.6
06/26/2023,1,E,CM,FC,2,41.8,50.8,47.9,46.8
06/26/2023,1,E,CM,FC,3,41.3,52.3,56.6,50.1
06/26/2023,1,F,SM,DB,1,23.7,22.6,28.2,24.8
06/26/2023,1,F,SM,DB,2,27.7,26.3,29.4,27.8
06/26/2023,1,F,SM,DB,3,23.6,25.3,27.5,25.5
06/26/2023,1,G,BM,AS,1,37.9,39.7,38.2,38.6
06/26/2023,1,G,BM,AS,2,28.8,30.7,29.3,29.6
06/26/2023,1,G,BM,AS,3,23.7,29.7,27.1,26.8
06/26/2023,1,H,SM,FC,1,41,51.4,54.8,49.1
06/26/2023,1,H,SM,FC,2,54.5,42.7,49.9,49.0
06/26/2023,1,H,SM,FC,3,40.6,51.1,57.1,49.6
06/26/2023,1,I,BM,DB,1,27.8,27,29.4,28.1
06/26/2023,1,I,BM,DB,2,22.6,24.2,23.9,23.6
06/26/2023,1,I,BM,DB,3,23,24.1,23.5,23.5
06/26/2023,2,A,CM,FC,1,49.7,49.3,58.5,52.5
06/26/2023,2,A,CM,FC,2,40.5,50.7,57.1,49.4
06/26/2023,2,A,CM,FC,3,38.3,45.7,50.1,44.7
06/26/2023,2,B,SM,DB,1,30.2,28.8,29.3,29.4
06/26/2023,2,B,SM,DB,2,26.9,25.5,25.6,26.0
06/26/2023,2,B,SM,DB,3,32,33.7,31.1,32.3
06/26/2023,2,C,CM,AS,1,32.4,28.8,28,29.7
06/26/2023,2,C,CM,AS,2,27.5,26.6,28.2,27.4
06/26/2023,2,C,CM,AS,3,32.6,30.6,32.6,31.9
06/26/2023,2,D,BM,FC,1,47.8,50,54.1,50.6
06/26/2023,2,D,BM,FC,2,53.9,45,55.5,51.5
06/26/2023,2,D,BM,FC,3,52.3,53.1,55.3,53.6
06/26/2023,2,E,BM,DB,1,27.3,26.2,20.1,24.5
06/26/2023,2,E,BM,DB,2,25,24,23.1,24.0
06/26/2023,2,E,BM,DB,3,27.7,25.5,24.5,25.9
06/26/2023,2,F,BM,AS,1,27.8,28.8,26,27.5
06/26/2023,2,F,BM,AS,2,26.7,29.6,26.5,27.6
06/26/2023,2,F,BM,AS,3,23.3,25.5,28.1,25.6
06/26/2023,2,G,SM,FC,1,54.5,47.7,42.4,48.2
06/26/2023,2,G,SM,FC,2,44.8,54.1,54.8,51.2
06/26/2023,2,G,SM,FC,3,42.3,46.6,41.1,43.3
06/26/2023,2,H,CM,DB,1,25.9,24.6,22.9,24.5
06/26/2023,2,H,CM,DB,2,26.6,28.8,24.1,26.5
06/26/2023,2,H,CM,DB,3,29.2,29.6,28,28.9
06/26/2023,2,I,SM,AS,1,31.9,29.1,30.4,30.5
06/26/2023,2,I,SM,AS,2,38,39.5,41.1,39.5
06/26/2023,2,I,SM,AS,3,29.7,29.9,31.1,30.2
06/26/2023,3,A,BM,DB,1,24.6,27.7,24.4,25.6
06/26/2023,3,A,BM,DB,2,23.8,27,26.5,25.8
06/26/2023,3,A,BM,DB,3,25.2,25.3,22.7,24.4
06/26/2023,3,B,CM,FC,1,51.6,51.6,52.2,51.8
06/26/2023,3,B,CM,FC,2,39.5,54.2,54.7,49.5
06/26/2023,3,B,CM,FC,3,57.1,56.4,44.9,52.8
06/26/2023,3,C,SM,AS,1,27.9,27.4,29.8,28.4
06/26/2023,3,C,SM,AS,2,29.2,31.8,28.1,29.7
06/26/2023,3,C,SM,AS,3,29,27.8,27.4,28.1
06/26/2023,3,D,SM,DB,1,30.6,23.6,29.8,28.0
06/26/2023,3,D,SM,DB,2,20.1,25.6,24.7,23.5
06/26/2023,3,D,SM,DB,3,27.5,29.7,30.2,29.1
06/26/2023,3,E,BM,FC,1,41.1,51.7,45.8,46.2
06/26/2023,3,E,BM,FC,2,47.6,55,55.6,52.7
06/26/2023,3,E,BM,FC,3,56.3,55.4,56.6,56.1
06/26/2023,3,F,BM,AS,1,27.8,32.2,28.5,29.5
06/26/2023,3,F,BM,AS,2,30.3,30.9,28.8,30.0
06/26/2023,3,F,BM,AS,3,33.4,31.1,33.4,32.6
06/26/2023,3,G,CM,DB,1,27.5,32.6,28.7,29.6
06/26/2023,3,G,CM,DB,2,21.5,20.8,21.5,21.3
06/26/2023,3,G,CM,DB,3,26.6,25.9,24.4,25.6
06/26/2023,3,H,SM,FC,1,44.8,61,48.2,51.3
06/26/2023,3,H,SM,FC,2,54.5,52.9,55.5,54.3
06/26/2023,3,H,SM,FC,3,53.7,52.5,51.9,52.7
06/26/2023,3,I,CM,AS,1,26.6,29.4,29.2,28.4
06/26/2023,3,I,CM,AS,2,27.3,26.3,27.1,26.9
06/26/2023,3,I,CM,AS,3,25.1,31.7,30.6,29.1
06/26/2023,4,A,SM,FC,1,58,58.5,63.1,59.9
06/26/2023,4,A,SM,FC,2,54.7,59.9,54.8,56.5
06/26/2023,4,A,SM,FC,3,47.4,56.8,54.2,52.8
06/26/2023,4,B,CM,DB,1,31,31.4,29.5,30.6
06/26/2023,4,B,CM,DB,2,34.4,31.3,32,32.6
06/26/2023,4,B,CM,DB,3,34.2,34,33,33.7
06/26/2023,4,C,BM,AS,1,29.1,28.5,26.5,28.0
06/26/2023,4,C,BM,AS,2,29.3,31.6,31.9,30.9
06/26/2023,4,C,BM,AS,3,29.3,29,28.3,28.9
06/26/2023,4,D,BM,FC,1,56.3,58.2,48.9,54.5
06/26/2023,4,D,BM,FC,2,50.8,54.3,51.2,52.1
06/26/2023,4,D,BM,FC,3,31.2,52,48.2,43.8
06/26/2023,4,E,BM,DB,1,27.8,26.8,27.8,27.5
06/26/2023,4,E,BM,DB,2,26.5,28.4,27.5,27.5
06/26/2023,4,E,BM,DB,3,33.4,35.5,32.1,33.7
06/26/2023,4,F,SM,AS,1,31.9,32.7,32.9,32.5
06/26/2023,4,F,SM,AS,2,29.1,27.8,26.4,27.8
06/26/2023,4,F,SM,AS,3,28.7,29.4,26.6,28.2
06/26/2023,4,G,CM,FC,1,46.9,56.6,46.9,50.1
06/26/2023,4,G,CM,FC,2,41.4,52.7,55.6,49.9
06/26/2023,4,G,CM,FC,3,49.2,65.6,60.5,58.4
06/26/2023,4,H,SM,DB,1,24.7,28.8,28,27.2
06/26/2023,4,H,SM,DB,2,26.9,27.4,25.2,26.5
06/26/2023,4,H,SM,DB,3,24.3,26.4,22.9,24.5
06/26/2023,4,I,CM,AS,1,32.3,31.8,33.9,32.7
06/26/2023,4,I,CM,AS,2,30.3,30.6,31.3,30.7
06/26/2023,4,I,CM,AS,3,34.5,36.5,37.7,36.2
06/26/2023,5,A,CM,AS,1,29.5,27.6,29.8,29.0
06/26/2023,5,A,CM,AS,2,37.8,31.1,31.5,33.5
06/26/2023,5,A,CM,AS,3,29.1,29.3,25.9,28.1
06/26/2023,5,B,CM,AS,1,32.7,32.9,28.8,31.5
06/26/2023,5,B,CM,AS,2,29.5,28,32.4,30.0
06/26/2023,5,B,CM,AS,3,34.3,30.5,32.7,32.5
06/26/2023,5,C,SM,AS,1,30.4,30.2,30.8,30.5
06/26/2023,5,C,SM,AS,2,28.6,29,27.8,28.5
06/26/2023,5,C,SM,AS,3,30.1,29.9,31.9,30.6
06/26/2023,5,D,SM,AS,1,26.3,25,22.6,24.6
06/26/2023,5,D,SM,AS,2,26.2,25.9,26.5,26.2
06/26/2023,5,D,SM,AS,3,23.3,25.1,26.7,25.0
06/26/2023,5,E,BM,AS,1,31.3,32.7,28.9,31.0
06/26/2023,5,E,BM,AS,2,26.3,28.2,28.9,27.8
06/26/2023,5,E,BM,AS,3,26.5,27.5,27.2,27.1
06/26/2023,5,F,CM,AS,1,31.8,29.3,27.4,29.5
06/26/2023,5,F,CM,AS,2,28.5,26.9,27.8,27.7
06/26/2023,5,F,CM,AS,3,29.3,28,32.8,30.0
06/26/2023,5,G,BM,AS,1,25.2,24,28.3,25.8
06/26/2023,5,G,BM,AS,2,25.6,24.9,27.4,26.0
06/26/2023,5,G,BM,AS,3,25,27.1,29.8,27.3
06/26/2023,5,H,SM,AS,1,27.3,30.8,29.6,29.2
06/26/2023,5,H,SM,AS,2,28.2,28.3,31.8,29.4
06/26/2023,5,H,SM,AS,3,31.3,34.7,30.8,32.3
06/26/2023,5,I,BM,AS,1,30.5,31.7,31,31.1
06/26/2023,5,I,BM,AS,2,29.8,33.2,31,31.3
06/26/2023,5,I,BM,AS,3,30.4,29.6,31.2,30.4
07/20/2023,1,A,SM,AS,1,37,35.4,36.9,36.4
07/20/2023,1,A,SM,AS,2,35.5,32.3,34.5,34.1
07/20/2023,1,A,SM,AS,3,40.6,34.8,36.6,37.3
07/20/2023,1,D,CM,AS,1,32.9,33.7,34.3,33.6
07/20/2023,1,D,CM,AS,2,39.2,41.2,41.1,40.5
07/20/2023,1,D,CM,AS,3,35.1,28.2,33.1,32.1
07/20/2023,1,G,BM,AS,1,39.4,40.3,43.1,40.9
07/20/2023,1,G,BM,AS,2,37.7,36,36.8,36.8
07/20/2023,1,G,BM,AS,3,39.8,38.8,38.5,39.0
07/20/2023,5,A,CM,AS,1,33.6,32.8,34.1,33.5
07/20/2023,5,A,CM,AS,2,25.5,28.6,25.7,26.6
07/20/2023,5,A,CM,AS,3,30.6,33.1,34,32.6
07/20/2023,5,B,CM,AS,1,23,27,24,24.7
07/20/2023,5,B,CM,AS,2,31.2,27.4,31,29.9
07/20/2023,5,B,CM,AS,3,34.5,35.2,38.3,36.0
07/20/2023,1,H,SM,FC,1,35.2,57.6,47.7,46.8
07/20/2023,1,H,SM,FC,2,47.8,48.9,60.7,52.5
07/20/2023,1,H,SM,FC,3,45.3,41,51.4,45.9
07/20/2023,1,E,CM,FC,1,46.6,37.6,42.2,42.1
07/20/2023,1,E,CM,FC,2,50.8,36,59.4,48.7
07/20/2023,1,E,CM,FC,3,38.6,47.7,46.2,44.2
07/20/2023,1,B,BM,FC,1,55.3,54.3,36.9,48.8
07/20/2023,1,B,BM,FC,2,42.6,49.6,51.8,48.0
07/20/2023,1,B,BM,FC,3,46.7,49.7,50,48.8
07/20/2023,1,C,CM,DB,1,31.9,32.3,31.3,31.8
07/20/2023,1,C,CM,DB,2,33.6,33.4,31.4,32.8
07/20/2023,1,C,CM,DB,3,46.5,38.1,35.8,40.1
07/20/2023,1,F,SM,DB,1,31.3,29.3,29.6,30.1
07/20/2023,1,F,SM,DB,2,29.7,27.8,24.7,27.4
07/20/2023,1,F,SM,DB,3,31.3,28.8,29.3,29.8
07/20/2023,1,I,BM,DB,1,32.6,36.8,34.9,34.8
07/20/2023,1,I,BM,DB,2,29.9,31.2,32.2,31.1
07/20/2023,1,I,BM,DB,3,30.3,33.9,28,30.7
07/20/2023,5,C,SM,AS,1,33.4,37.3,34.5,35.1
07/20/2023,5,C,SM,AS,2,31.3,31.9,32.1,31.8
07/20/2023,5,C,SM,AS,3,34.4,30.7,35.9,33.7
07/20/2023,5,D,SM,AS,1,33.6,31.4,32.2,32.4
07/20/2023,5,D,SM,AS,2,35,35.4,31.9,34.1
07/20/2023,5,D,SM,AS,3,34,35.2,35.4,34.9
07/20/2023,2,G,SM,FC,1,51.1,41.1,50.2,47.5
07/20/2023,2,G,SM,FC,2,48.4,49.4,42.7,46.8
07/20/2023,2,G,SM,FC,3,50.6,55.7,49,51.8
07/20/2023,2,D,BM,FC,1,45,45,41.2,43.7
07/20/2023,2,D,BM,FC,2,57.1,50.8,43.2,50.4
07/20/2023,2,D,BM,FC,3,59,50.4,54.6,54.7
07/20/2023,2,A,CM,FC,1,50,44.5,43.9,46.1
07/20/2023,2,A,CM,FC,2,36.9,40.5,45.8,41.1
07/20/2023,2,A,CM,FC,3,43.7,48.1,41.9,44.6
07/20/2023,2,B,SM,DB,1,32.4,30.1,28.4,30.3
07/20/2023,2,B,SM,DB,2,31.2,32.4,33.1,32.2
07/20/2023,2,B,SM,DB,3,31,31.3,31.8,31.4
07/20/2023,2,E,BM,DB,1,29.1,27.4,31.2,29.2
07/20/2023,2,E,BM,DB,2,37.1,39.9,48,41.7
07/20/2023,2,E,BM,DB,3,37.5,36.6,36.4,36.8
07/20/2023,2,H,CM,DB,1,29.3,31.6,31.1,30.7
07/20/2023,2,H,CM,DB,2,27.6,31.6,32.6,30.6
07/20/2023,2,H,CM,DB,3,30.2,32.2,34.1,32.2
07/20/2023,5,E,BM,AS,1,40,40.3,40.4,40.2
07/20/2023,5,E,BM,AS,2,34,39.6,34.7,36.1
07/20/2023,5,E,BM,AS,3,35.2,39.2,36.5,37.0
07/20/2023,5,F,CM,AS,1,33,22.1,24.6,26.6
07/20/2023,5,F,CM,AS,2,34,36,38,36.0
07/20/2023,5,F,CM,AS,3,44.5,39,37.7,40.4
07/20/2023,2,I,SM,AS,1,35.2,37.5,33,35.2
07/20/2023,2,I,SM,AS,2,32.7,31.7,37.1,33.8
07/20/2023,2,I,SM,AS,3,35.3,37.5,35,35.9
07/20/2023,2,F,BM,AS,1,33.4,35.1,34.1,34.2
07/20/2023,2,F,BM,AS,2,35.7,37.1,36.4,36.4
07/20/2023,2,F,BM,AS,3,29.3,35.6,33.6,32.8
07/20/2023,2,C,CM,AS,1,31.8,27,29.7,29.5
07/20/2023,2,C,CM,AS,2,28.2,30.8,32.7,30.6
07/20/2023,2,C,CM,AS,3,27,30,31.1,29.4
07/20/2023,3,A,BM,DB,1,31.3,30.9,30.5,30.9
07/20/2023,3,A,BM,DB,2,28.1,29.6,31.8,29.8
07/20/2023,3,A,BM,DB,3,25.3,26.8,29.5,27.2
07/20/2023,3,D,SM,DB,1,31.3,35.6,31.1,32.7
07/20/2023,3,D,SM,DB,2,28.5,25.8,31.1,28.5
07/20/2023,3,D,SM,DB,3,28.7,27,28.2,28.0
07/20/2023,3,G,CM,DB,1,29.9,31.3,32.4,31.2
07/20/2023,3,G,CM,DB,2,27.1,29.2,27.6,28.0
07/20/2023,3,G,CM,DB,3,29.2,27,27.9,28.0
07/20/2023,5,G,BM,AS,1,32.4,28.8,32.2,31.1
07/20/2023,5,G,BM,AS,2,28.6,32.5,29.1,30.1
07/20/2023,5,G,BM,AS,3,32.2,30,37.2,33.1
07/20/2023,5,H,SM,AS,1,32.3,33.5,31.6,32.5
07/20/2023,5,H,SM,AS,2,28.3,31.9,30.7,30.3
07/20/2023,5,H,SM,AS,3,29.3,35.9,36,33.7
07/20/2023,3,H,SM,FC,1,48,47.1,40.6,45.2
07/20/2023,3,H,SM,FC,2,48,44.5,36.7,43.1
07/20/2023,3,H,SM,FC,3,53.2,38.1,36.8,42.7
07/20/2023,3,E,BM,FC,1,58.2,49,41.6,49.6
07/20/2023,3,E,BM,FC,2,41,42.7,51.9,45.2
07/20/2023,3,E,BM,FC,3,49.3,47.9,50.3,49.2
07/20/2023,3,B,CM,FC,1,54.6,36.6,40.1,43.8
07/20/2023,3,B,CM,FC,2,46.9,51.1,65.1,54.4
07/20/2023,3,B,CM,FC,3,46.5,56,55,52.5
07/20/2023,3,C,SM,AS,1,32.1,31.2,31,31.4
07/20/2023,3,C,SM,AS,2,23.7,27.8,25.3,25.6
07/20/2023,3,C,SM,AS,3,24.1,23.7,22.8,23.5
07/20/2023,3,F,BM,AS,1,34.6,35.6,39,36.4
07/20/2023,3,F,BM,AS,2,35.4,33.4,35.9,34.9
07/20/2023,3,F,BM,AS,3,35,32.5,36.8,34.8
07/20/2023,3,I,CM,AS,1,29.9,24.7,28.7,27.8
07/20/2023,3,I,CM,AS,2,32.9,33.4,30.4,32.2
07/20/2023,3,I,CM,AS,3,36.7,31.5,35.3,34.5
07/20/2023,5,I,BM,AS,1,41.7,42.2,42.7,42.2
07/20/2023,5,I,BM,AS,2,38.3,29.8,40.6,36.2
07/20/2023,5,I,BM,AS,3,34.2,33.5,34.9,34.2
07/20/2023,4,G,CM,FC,1,52.1,46.9,46,48.3
07/20/2023,4,G,CM,FC,2,58.7,51.9,40.5,50.4
07/20/2023,4,G,CM,FC,3,46,55.3,56.2,52.5
07/20/2023,4,D,BM,FC,1,55,50.4,54,53.1
07/20/2023,4,D,BM,FC,2,45,47.5,51.7,48.1
07/20/2023,4,D,BM,FC,3,59.9,43.9,54.3,52.7
07/20/2023,4,A,SM,FC,1,50,47.1,52.1,49.7
07/20/2023,4,A,SM,FC,2,53.7,53.8,54.9,54.1
07/20/2023,4,A,SM,FC,3,40.1,45,59.5,48.2
07/20/2023,4,B,CM,DB,1,27.1,27.2,29,27.8
07/20/2023,4,B,CM,DB,2,24.7,25.1,27.5,25.8
07/20/2023,4,B,CM,DB,3,29.3,27.6,30.8,29.2
07/20/2023,4,E,BM,DB,1,31.3,32,27.7,30.3
07/20/2023,4,E,BM,DB,2,32.5,26.4,28.2,29.0
07/20/2023,4,E,BM,DB,3,27.7,28,30,28.6
07/20/2023,4,H,SM,DB,1,30,23.2,22.7,25.3
07/20/2023,4,H,SM,DB,2,29.3,28.8,30.1,29.4
07/20/2023,4,H,SM,DB,3,32.7,30.4,32.6,31.9
07/20/2023,4,I,CM,AS,1,31.7,35.1,36,34.3
07/20/2023,4,I,CM,AS,2,37,38.6,40,38.5
07/20/2023,4,I,CM,AS,3,35.8,34.1,33.4,34.4
07/20/2023,4,F,SM,AS,1,33.6,34.7,34.3,34.2
07/20/2023,4,F,SM,AS,2,30.2,31.4,27.7,29.8
07/20/2023,4,F,SM,AS,3,37.3,31.9,32.9,34.0
07/20/2023,4,C,BM,AS,1,38.4,33.6,40.9,37.6
07/20/2023,4,C,BM,AS,2,33.4,29.5,35.4,32.8
07/20/2023,4,C,BM,AS,3,35.3,33.5,34.9,34.6
08/11/2023,1,A,SM,AS,1,36.1,33,35,34.7
08/11/2023,1,A,SM,AS,2,31,25.9,25.4,27.4
08/11/2023,1,A,SM,AS,3,35.8,30.7,34,33.5
08/11/2023,1,D,CM,AS,1,25,26.6,26.9,26.2
08/11/2023,1,D,CM,AS,2,30.7,27,27.8,28.5
08/11/2023,1,D,CM,AS,3,29.6,28,30.8,29.5
08/11/2023,1,G,BM,AS,1,28.2,27.1,25.4,26.9
08/11/2023,1,G,BM,AS,2,35.7,29.8,31.8,32.4
08/11/2023,1,G,BM,AS,3,35,35.5,39.7,36.7
08/11/2023,5,A,CM,AS,1,37.3,31.3,31.3,33.3
08/11/2023,5,A,CM,AS,2,32.9,37.7,33.3,34.6
08/11/2023,5,A,CM,AS,3,22.9,26.7,26.2,25.3
08/11/2023,5,B,CM,AS,1,29.2,27.7,30.3,29.1
08/11/2023,5,B,CM,AS,2,29.9,28.3,30.2,29.5
08/11/2023,5,B,CM,AS,3,28,29.4,31.9,29.8
08/11/2023,1,H,SM,FC,1,46.6,47.6,40.1,44.8
08/11/2023,1,H,SM,FC,2,51.1,49.6,44.7,48.5
08/11/2023,1,H,SM,FC,3,46.5,37.3,36.9,40.2
08/11/2023,1,E,CM,FC,1,44,45.3,51.5,46.9
08/11/2023,1,E,CM,FC,2,49.2,43.5,52.1,48.3
08/11/2023,1,E,CM,FC,3,49.3,45.2,43.1,45.9
08/11/2023,1,B,BM,FC,1,39.8,35.9,40.9,38.9
08/11/2023,1,B,BM,FC,2,47.3,51,44.8,47.7
08/11/2023,1,B,BM,FC,3,45.4,47.3,50.1,47.6
08/11/2023,1,C,CM,DB,1,33.4,33.8,36.3,34.5
08/11/2023,1,C,CM,DB,2,35.9,39.8,39.3,38.3
08/11/2023,1,C,CM,DB,3,41.1,38.4,41.7,40.4
08/11/2023,1,F,SM,DB,1,36,36.9,44.1,39.0
08/11/2023,1,F,SM,DB,2,28.2,31.7,34.2,31.4
08/11/2023,1,F,SM,DB,3,38.1,38.4,36.6,37.7
08/11/2023,1,I,BM,DB,1,34.5,40.4,41.2,38.7
08/11/2023,1,I,BM,DB,2,28.4,29.6,24.9,27.6
08/11/2023,1,I,BM,DB,3,28.4,29.6,28.5,28.8
08/11/2023,5,C,SM,AS,1,39.5,39.3,39.4,39.4
08/11/2023,5,C,SM,AS,2,40,39.3,38.2,39.2
08/11/2023,5,C,SM,AS,3,36.5,36.4,34,35.6
08/11/2023,5,D,SM,AS,1,38.5,36.6,33.3,36.1
08/11/2023,5,D,SM,AS,2,35,39.8,35.8,36.9
08/11/2023,5,D,SM,AS,3,42.5,41.1,39.5,41.0
08/11/2023,2,G,SM,FC,1,51.2,43.4,44.5,46.4
08/11/2023,2,G,SM,FC,2,49.5,38.4,45.6,44.5
08/11/2023,2,G,SM,FC,3,47.7,46.8,42.7,45.7
08/11/2023,2,D,BM,FC,1,46.3,46.9,40.9,44.7
08/11/2023,2,D,BM,FC,2,50.8,50,50.2,50.3
08/11/2023,2,D,BM,FC,3,41,41.5,44.7,42.4
08/11/2023,2,A,CM,FC,1,51.6,51.6,45.4,49.5
08/11/2023,2,A,CM,FC,2,42.7,56.5,48.9,49.4
08/11/2023,2,A,CM,FC,3,40.4,51.2,49.9,47.2
08/11/2023,2,B,SM,DB,1,27,26.6,26.6,26.7
08/11/2023,2,B,SM,DB,2,28.5,30.8,25.7,28.3
08/11/2023,2,B,SM,DB,3,33.9,29.7,33,32.2
08/11/2023,2,E,BM,DB,1,25.2,31.9,28.1,28.4
08/11/2023,2,E,BM,DB,2,42.8,39.9,40,40.9
08/11/2023,2,E,BM,DB,3,42,38.3,44.4,41.6
08/11/2023,2,H,CM,DB,1,32.5,37.5,32.5,34.2
08/11/2023,2,H,CM,DB,2,33.2,34.4,44.5,37.4
08/11/2023,2,H,CM,DB,3,33.2,28.2,33.1,31.5
08/11/2023,5,E,BM,AS,1,35.7,41,36.5,37.7
08/11/2023,5,E,BM,AS,2,31,36.9,36.1,34.7
08/11/2023,5,E,BM,AS,3,38.8,35.5,43.7,39.3
08/11/2023,5,F,CM,AS,1,33.5,25.4,32.2,30.4
08/11/2023,5,F,CM,AS,2,41.9,42.4,40.4,41.6
08/11/2023,5,F,CM,AS,3,26.8,28,33.3,29.4
08/11/2023,2,I,SM,AS,1,33.2,34.8,33.8,33.9
08/11/2023,2,I,SM,AS,2,39.3,40.2,40.5,40.0
08/11/2023,2,I,SM,AS,3,29.8,32.5,32.3,31.5
08/11/2023,2,F,BM,AS,1,37.1,32.3,36.3,35.2
08/11/2023,2,F,BM,AS,2,43.9,37,41.4,40.8
08/11/2023,2,F,BM,AS,3,35.9,40.4,39.1,38.5
08/11/2023,2,C,CM,AS,1,50.2,49.5,45.9,48.5
08/11/2023,2,C,CM,AS,2,36.7,36.3,39.4,37.5
08/11/2023,2,C,CM,AS,3,27.2,25.5,28.4,27.0
08/11/2023,3,A,BM,DB,1,26.5,27.6,27.8,27.3
08/11/2023,3,A,BM,DB,2,40.2,43,40.3,41.2
08/11/2023,3,A,BM,DB,3,34.6,35.1,39.2,36.3
08/11/2023,3,D,SM,DB,1,36.7,42.3,36.4,38.5
08/11/2023,3,D,SM,DB,2,30.4,29.6,41.1,33.7
08/11/2023,3,D,SM,DB,3,33.5,34.2,36.2,34.6
08/11/2023,3,G,CM,DB,1,32.6,33.8,35.5,34.0
08/11/2023,3,G,CM,DB,2,26.4,28,25.9,26.8
08/11/2023,3,G,CM,DB,3,24.2,23.2,24.6,24.0
08/11/2023,5,G,BM,AS,1,41.6,39.7,36,39.1
08/11/2023,5,G,BM,AS,2,33.4,33.3,37.9,34.9
08/11/2023,5,G,BM,AS,3,33.8,33.1,33.8,33.6
08/11/2023,5,H,SM,AS,1,45.9,45.3,47.1,46.1
08/11/2023,5,H,SM,AS,2,28.6,25.6,30.4,28.2
08/11/2023,5,H,SM,AS,3,40.4,40.2,42.5,41.0
08/11/2023,3,H,SM,FC,1,41.6,41.3,47,43.3
08/11/2023,3,H,SM,FC,2,43.7,44.5,40,42.7
08/11/2023,3,H,SM,FC,3,38.5,43.6,41.5,41.2
08/11/2023,3,E,BM,FC,1,41.1,43.1,41.3,41.8
08/11/2023,3,E,BM,FC,2,48.1,43,48,46.4
08/11/2023,3,E,BM,FC,3,46.3,44.9,44.5,45.2
08/11/2023,3,B,CM,FC,1,48,48.6,52.7,49.8
08/11/2023,3,B,CM,FC,2,50.6,50.3,46.4,49.1
08/11/2023,3,B,CM,FC,3,53.5,50.2,53.6,52.4
08/11/2023,3,C,SM,AS,1,32,35.6,35.8,34.5
08/11/2023,3,C,SM,AS,2,43.8,36.6,40.8,40.4
08/11/2023,3,C,SM,AS,3,33.5,34.3,35.7,34.5
08/11/2023,3,F,BM,AS,1,29.1,33.6,32.5,31.7
08/11/2023,3,F,BM,AS,2,38.7,38.3,40.7,39.2
08/11/2023,3,F,BM,AS,3,28.8,28.9,33.5,30.4
08/11/2023,3,I,CM,AS,1,36.8,32.3,35.5,34.9
08/11/2023,3,I,CM,AS,2,31.8,31.8,31.4,31.7
08/11/2023,3,I,CM,AS,3,32.3,31.9,27.9,30.7
08/11/2023,5,I,BM,AS,1,32.1,29.7,31.7,31.2
08/11/2023,5,I,BM,AS,2,27.3,26.9,28.3,27.5
08/11/2023,5,I,BM,AS,3,41.5,44.9,44.9,43.8
08/11/2023,4,G,CM,FC,1,51.4,55.3,55.2,54.0
08/11/2023,4,G,CM,FC,2,45.8,44.4,48,46.1
08/11/2023,4,G,CM,FC,3,45.3,40.6,47.2,44.4
08/11/2023,4,D,BM,FC,1,37.8,39.2,39.6,38.9
08/11/2023,4,D,BM,FC,2,41.3,45.8,46.5,44.5
08/11/2023,4,D,BM,FC,3,47,45.8,45.5,46.1
08/11/2023,4,A,SM,FC,1,54.1,53.6,38.7,48.8
08/11/2023,4,A,SM,FC,2,51.3,51.6,46.2,49.7
08/11/2023,4,A,SM,FC,3,46.2,40.5,46.4,44.4
08/11/2023,4,B,CM,DB,1,36.5,41.2,35.5,37.7
08/11/2023,4,B,CM,DB,2,30.2,33.1,30.7,31.3
08/11/2023,4,B,CM,DB,3,28.7,26.1,27.1,27.3
08/11/2023,4,E,BM,DB,1,27.4,28.7,27.1,27.7
08/11/2023,4,E,BM,DB,2,34.3,38.7,39.2,37.4
08/11/2023,4,E,BM,DB,3,44.5,38.7,40.1,41.1
08/11/2023,4,H,SM,DB,1,38.6,41.2,37.2,39.0
08/11/2023,4,H,SM,DB,2,37.8,37.8,38.4,38.0
08/11/2023,4,H,SM,DB,3,4.7,42.6,42.9,30.1
08/11/2023,4,I,CM,AS,1,34.2,35.4,37.4,35.7
08/11/2023,4,I,CM,AS,2,31.3,30.2,32.2,31.2
08/11/2023,4,I,CM,AS,3,27.5,29.4,25.2,27.4
08/11/2023,4,F,SM,AS,1,34.6,35.8,42.5,37.6
08/11/2023,4,F,SM,AS,2,34.5,34.2,33.9,34.2
08/11/2023,4,F,SM,AS,3,41.9,38.8,39.4,40.0
08/11/2023,4,C,BM,AS,1,33.9,38.8,33.1,35.3
08/11/2023,4,C,BM,AS,2,35.5,35.6,38.3,36.5
08/11/2023,4,C,BM,AS,3,43.8,42.3,41.2,42.4
08/24/2023,1,A,SM,AS,1,30.3,29,29.3,29.5
08/24/2023,1,A,SM,AS,2,31.1,30,33.9,31.7
08/24/2023,1,A,SM,AS,3,28.2,28.7,34.6,30.5
08/24/2023,1,D,CM,AS,1,30.8,29.8,29.9,30.2
08/24/2023,1,D,CM,AS,2,32.3,32,29.2,31.2
08/24/2023,1,D,CM,AS,3,32.4,29.9,32,31.4
08/24/2023,1,G,BM,AS,1,35.1,34.4,35.5,35.0
08/24/2023,1,G,BM,AS,2,34.2,36.7,34.3,35.1
08/24/2023,1,G,BM,AS,3,33.6,35.2,32.9,33.9
08/24/2023,5,A,CM,AS,1,34.1,36,29.4,33.2
08/24/2023,5,A,CM,AS,2,30.8,31.7,28.4,30.3
08/24/2023,5,A,CM,AS,3,30.1,31.9,32.6,31.5
08/24/2023,5,B,CM,AS,1,37.5,34.8,32.6,35.0
08/24/2023,5,B,CM,AS,2,29.4,32.9,34.3,32.2
08/24/2023,5,B,CM,AS,3,34.4,29.6,32.7,32.2
08/24/2023,1,H,SM,FC,1,46.5,52.4,45.1,48.0
08/24/2023,1,H,SM,FC,2,53.7,55.6,49.4,52.9
08/24/2023,1,H,SM,FC,3,53.2,57.4,56.6,55.7
08/24/2023,1,E,CM,FC,1,43.9,46.9,49,46.6
08/24/2023,1,E,CM,FC,2,48.3,47.4,56.1,50.6
08/24/2023,1,E,CM,FC,3,39.7,40.6,46.7,42.3
08/24/2023,1,B,BM,FC,1,56.6,50.8,54.1,53.8
08/24/2023,1,B,BM,FC,2,40.9,48.6,50.3,46.6
08/24/2023,1,B,BM,FC,3,46,46.4,51.3,47.9
08/24/2023,1,C,CM,DB,1,23.8,23.2,25.7,24.2
08/24/2023,1,C,CM,DB,2,25.8,24.1,39.6,29.8
08/24/2023,1,C,CM,DB,3,27.4,29.1,26.8,27.8
08/24/2023,1,F,SM,DB,1,26.7,28.8,25.5,27.0
08/24/2023,1,F,SM,DB,2,30.2,34.7,33.2,32.7
08/24/2023,1,F,SM,DB,3,29,26.4,28.7,28.0
08/24/2023,1,I,BM,DB,1,33.2,34.5,40,35.9
08/24/2023,1,I,BM,DB,2,40.8,38.8,42.5,40.7
08/24/2023,1,I,BM,DB,3,24.9,27.8,25.5,26.1
08/24/2023,5,C,SM,AS,1,36.8,36.2,35.6,36.2
08/24/2023,5,C,SM,AS,2,32,29.4,33.2,31.5
08/24/2023,5,C,SM,AS,3,30.3,29.7,33,31.0
08/24/2023,5,D,SM,AS,1,37.2,33,36.5,35.6
08/24/2023,5,D,SM,AS,2,36.7,37.5,31.7,35.3
08/24/2023,5,D,SM,AS,3,33.1,34.5,29.8,32.5
08/24/2023,2,G,SM,FC,1,58.4,51.8,54.5,54.9
08/24/2023,2,G,SM,FC,2,52,50,56.4,52.8
08/24/2023,2,G,SM,FC,3,50.5,51.5,50.3,50.8
08/24/2023,2,D,BM,FC,1,52.3,59.1,50.7,54.0
08/24/2023,2,D,BM,FC,2,48.2,52.8,43.6,48.2
08/24/2023,2,D,BM,FC,3,50.3,45.5,55,50.3
08/24/2023,2,A,CM,FC,1,51.2,59.1,54.3,54.9
08/24/2023,2,A,CM,FC,2,53.2,52.4,48.2,51.3
08/24/2023,2,A,CM,FC,3,48.3,52.6,52.8,51.2
08/24/2023,2,B,SM,DB,1,41.7,39.8,32.9,38.1
08/24/2023,2,B,SM,DB,2,39.8,42.4,39.6,40.6
08/24/2023,2,B,SM,DB,3,31.4,36.8,38.3,35.5
08/24/2023,2,E,BM,DB,1,26.6,30.3,29.6,28.8
08/24/2023,2,E,BM,DB,2,27.3,31.3,30.7,29.8
08/24/2023,2,E,BM,DB,3,32.7,32.4,31.8,32.3
08/24/2023,2,H,CM,DB,1,41,36.8,39.6,39.1
08/24/2023,2,H,CM,DB,2,36.1,36.8,34.9,35.9
08/24/2023,2,H,CM,DB,3,40.6,38.7,36.2,38.5
08/24/2023,5,E,BM,AS,1,38.3,38.5,37.7,38.2
08/24/2023,5,E,BM,AS,2,57.7,58.7,64.2,60.2
08/24/2023,5,E,BM,AS,3,56.3,51.6,54.9,54.3
08/24/2023,5,F,CM,AS,1,58.7,59.9,53.2,57.3
08/24/2023,5,F,CM,AS,2,32.8,29.4,34.4,32.2
08/24/2023,5,F,CM,AS,3,29,24.7,31.4,28.4
08/24/2023,2,I,SM,AS,1,29,33.5,30.7,31.1
08/24/2023,2,I,SM,AS,2,32,33.4,32.9,32.8
08/24/2023,2,I,SM,AS,3,32.6,33.4,36.8,34.3
08/24/2023,2,F,BM,AS,1,31.5,34,34.3,33.3
08/24/2023,2,F,BM,AS,2,31.4,34.2,32.1,32.6
08/24/2023,2,F,BM,AS,3,30.1,29.3,32.2,30.5
08/24/2023,2,C,CM,AS,1,38.2,42.1,41.6,40.6
08/24/2023,2,C,CM,AS,2,31.2,32.9,32.1,32.1
08/24/2023,2,C,CM,AS,3,33.4,31.2,33,32.5
08/24/2023,3,A,BM,DB,1,24.7,26.1,26.2,25.7
08/24/2023,3,A,BM,DB,2,35.5,33.4,35.5,34.8
08/24/2023,3,A,BM,DB,3,26.1,25,26.3,25.8
08/24/2023,3,D,SM,DB,1,35.1,35.6,31.4,34.0
08/24/2023,3,D,SM,DB,2,36.9,39,40.9,38.9
08/24/2023,3,D,SM,DB,3,39.4,26.9,33.8,33.4
08/24/2023,3,G,CM,DB,1,26.2,27,27.8,27.0
08/24/2023,3,G,CM,DB,2,31.5,31.7,32.1,31.8
08/24/2023,3,G,CM,DB,3,27.8,27.1,28.6,27.8
08/24/2023,5,G,BM,AS,1,37.4,33.5,31.8,34.2
08/24/2023,5,G,BM,AS,2,36.7,32.4,40.7,36.6
08/24/2023,5,G,BM,AS,3,33.7,32.6,35.2,33.8
08/24/2023,5,H,SM,AS,1,32.3,31.6,33.6,32.5
08/24/2023,5,H,SM,AS,2,31.6,31.2,34.2,32.3
08/24/2023,5,H,SM,AS,3,39.3,34.9,36.3,36.8
08/24/2023,3,H,SM,FC,1,52.2,58.3,54.8,55.1
08/24/2023,3,H,SM,FC,2,56.4,47.8,59.1,54.4
08/24/2023,3,H,SM,FC,3,49.5,54.2,57.1,53.6
08/24/2023,3,E,BM,FC,1,45.8,40.2,39.7,41.9
08/24/2023,3,E,BM,FC,2,52.4,50.9,47.8,50.4
08/24/2023,3,E,BM,FC,3,43.4,49.8,41.4,44.9
08/24/2023,3,B,CM,FC,1,43.1,42,38.2,41.1
08/24/2023,3,B,CM,FC,2,52.3,53.3,47.5,51.0
08/24/2023,3,B,CM,FC,3,56.2,60.4,52.7,56.4
08/24/2023,3,C,SM,AS,1,34.4,35.7,39.3,36.5
08/24/2023,3,C,SM,AS,2,35.9,37.5,34.8,36.1
08/24/2023,3,C,SM,AS,3,35.1,34.5,34.6,34.7
08/24/2023,3,F,BM,AS,1,40.9,36.3,34.1,37.1
08/24/2023,3,F,BM,AS,2,31.7,34.9,34.1,33.6
08/24/2023,3,F,BM,AS,3,43.6,38.2,43.5,41.8
08/24/2023,3,I,CM,AS,1,31.1,30.4,29.3,30.3
08/24/2023,3,I,CM,AS,2,31.1,26.6,30.3,29.3
08/24/2023,3,I,CM,AS,3,33.1,32.7,32.9,32.9
08/24/2023,5,I,BM,AS,1,34.2,30.1,31.9,32.1
08/24/2023,5,I,BM,AS,2,33.6,34.3,32.1,33.3
08/24/2023,5,I,BM,AS,3,31.2,29.6,28.8,29.9
08/24/2023,4,G,CM,FC,1,46.2,42.8,42.4,43.8
08/24/2023,4,G,CM,FC,2,40.5,39.4,49.9,43.3
08/24/2023,4,G,CM,FC,3,41.1,43.4,44.2,42.9
08/24/2023,4,D,BM,FC,1,45,46.4,52.4,47.9
08/24/2023,4,D,BM,FC,2,55.5,48.5,52.4,52.1
08/24/2023,4,D,BM,FC,3,50.7,47.5,50.1,49.4
08/24/2023,4,A,SM,FC,1,54.8,53.7,53.8,54.1
08/24/2023,4,A,SM,FC,2,47.3,45,52.8,48.4
08/24/2023,4,A,SM,FC,3,57.8,55.1,57.4,56.8
08/24/2023,4,B,CM,DB,1,29.7,26.7,27.5,28.0
08/24/2023,4,B,CM,DB,2,30.9,30.6,28.1,29.9
08/24/2023,4,B,CM,DB,3,33,29.1,34.6,32.2
08/24/2023,4,E,BM,DB,1,32.4,33.3,38.4,34.7
08/24/2023,4,E,BM,DB,2,24.4,27,23.8,25.1
08/24/2023,4,E,BM,DB,3,30.4,24.5,26.9,27.3
08/24/2023,4,H,SM,DB,1,22,22.4,20.7,21.7
08/24/2023,4,H,SM,DB,2,33.3,32.7,26.3,30.8
08/24/2023,4,H,SM,DB,3,36.8,33.2,34.3,34.8
08/24/2023,4,I,CM,AS,1,30.6,30.2,31.5,30.8
08/24/2023,4,I,CM,AS,2,35.1,35.2,36.5,35.6
08/24/2023,4,I,CM,AS,3,31.7,35.2,34.7,33.9
08/24/2023,4,F,SM,AS,1,33.8,35.4,37.2,35.5
08/24/2023,4,F,SM,AS,2,38.7,40,39.8,39.5
08/24/2023,4,F,SM,AS,3,29.1,27.7,28.7,28.5
08/24/2023,4,C,BM,AS,1,38.5,33.7,36.3,36.2
08/24/2023,4,C,BM,AS,2,40.7,39.3,39.2,39.7
08/24/2023,4,C,BM,AS,3,37.2,32.6,31.9,33.9
08/31/2023,1,A,SM,AS,1,32.3,31.6,37.6,33.8
08/31/2023,1,A,SM,AS,2,36.4,35.4,25.4,32.4
08/31/2023,1,A,SM,AS,3,33.2,32.6,39.4,35.1
08/31/2023,1,D,CM,AS,1,32.8,32.3,33.8,33.0
08/31/2023,1,D,CM,AS,2,35.8,34.3,34.7,34.9
08/31/2023,1,D,CM,AS,3,38.7,32.2,37.5,36.1
08/31/2023,1,G,BM,AS,1,32.8,32.9,32.7,32.8
08/31/2023,1,G,BM,AS,2,34.7,33.4,34.6,34.2
08/31/2023,1,G,BM,AS,3,36.4,38.7,38.1,37.7
08/31/2023,5,A,CM,AS,1,31.7,31.3,30.7,31.2
08/31/2023,5,A,CM,AS,2,32,35.3,34,33.8
08/31/2023,5,A,CM,AS,3,33,34.3,29.4,32.2
08/31/2023,5,B,CM,AS,1,37.5,37.1,31.6,35.4
08/31/2023,5,B,CM,AS,2,39,34.8,37.9,37.2
08/31/2023,5,B,CM,AS,3,32.8,35.3,35.3,34.5
08/31/2023,1,H,SM,FC,1,47.4,48.6,39.8,45.3
08/31/2023,1,H,SM,FC,2,43.2,36.8,39.7,39.9
08/31/2023,1,H,SM,FC,3,46,44.2,49.4,46.5
08/31/2023,1,E,CM,FC,1,43.1,45.3,42.4,43.6
08/31/2023,1,E,CM,FC,2,50.6,45.7,48.3,48.2
08/31/2023,1,E,CM,FC,3,47.7,42.7,35.4,41.9
08/31/2023,1,B,BM,FC,1,39.4,46.4,48.6,44.8
08/31/2023,1,B,BM,FC,2,45.2,41.9,41,42.7
08/31/2023,1,B,BM,FC,3,37.4,38.8,45.6,40.6
08/31/2023,1,C,CM,DB,1,32.1,28.5,28.7,29.8
08/31/2023,1,C,CM,DB,2,34.4,30.8,30.5,31.9
08/31/2023,1,C,CM,DB,3,32.3,33.7,35,33.7
08/31/2023,1,F,SM,DB,1,36.8,37.5,36.3,36.9
08/31/2023,1,F,SM,DB,2,33.1,27.6,29.7,30.1
08/31/2023,1,F,SM,DB,3,30,26.9,29.6,28.8
08/31/2023,1,I,BM,DB,1,27.8,28.2,31.1,29.0
08/31/2023,1,I,BM,DB,2,36.1,37.1,41.6,38.3
08/31/2023,1,I,BM,DB,3,27.9,24.5,27.3,26.6
08/31/2023,5,C,SM,AS,1,36.7,38.8,35.7,37.1
08/31/2023,5,C,SM,AS,2,31.7,34.7,33,33.1
08/31/2023,5,C,SM,AS,3,36.4,33.2,34.5,34.7
08/31/2023,5,D,SM,AS,1,35,31.7,37.3,34.7
08/31/2023,5,D,SM,AS,2,33.4,32.9,31.9,32.7
08/31/2023,5,D,SM,AS,3,32.9,35,34.2,34.0
08/31/2023,2,G,SM,FC,1,46.9,38.3,46.5,43.9
08/31/2023,2,G,SM,FC,2,46.1,45.2,40.2,43.8
08/31/2023,2,G,SM,FC,3,37.7,37.4,40.8,38.6
08/31/2023,2,D,BM,FC,1,44.2,44.6,49.4,46.1
08/31/2023,2,D,BM,FC,2,52.5,52.2,43.2,49.3
08/31/2023,2,D,BM,FC,3,51.3,46.8,47.3,48.5
08/31/2023,2,A,CM,FC,1,39.4,39,43.6,40.7
08/31/2023,2,A,CM,FC,2,48.3,39.9,39.3,42.5
08/31/2023,2,A,CM,FC,3,56,49,47.1,50.7
08/31/2023,2,B,SM,DB,1,38.7,37.9,39.7,38.8
08/31/2023,2,B,SM,DB,2,37.1,33.9,31.8,34.3
08/31/2023,2,B,SM,DB,3,43.1,46.4,37.1,42.2
08/31/2023,2,E,BM,DB,1,37.8,35.3,43.9,39.0
08/31/2023,2,E,BM,DB,2,30.8,28.7,31.4,30.3
08/31/2023,2,E,BM,DB,3,30.2,25.4,32.1,29.2
08/31/2023,2,H,CM,DB,1,46.2,38.8,44.1,43.0
08/31/2023,2,H,CM,DB,2,26.1,26.7,30,27.6
08/31/2023,2,H,CM,DB,3,25.8,35.4,33.2,31.5
08/31/2023,5,E,BM,AS,1,33.8,31.5,28.2,31.2
08/31/2023,5,E,BM,AS,2,35,28.1,36.8,33.3
08/31/2023,5,E,BM,AS,3,42.4,39.2,40.7,40.8
08/31/2023,5,F,CM,AS,1,31.3,31.5,32.3,31.7
08/31/2023,5,F,CM,AS,2,43.2,40.3,41.4,41.6
08/31/2023,5,F,CM,AS,3,35.4,40.4,41,38.9
08/31/2023,2,I,SM,AS,1,37.1,32.6,30.5,33.4
08/31/2023,2,I,SM,AS,2,33.2,31.3,34,32.8
08/31/2023,2,I,SM,AS,3,34.3,33.3,32.1,33.2
08/31/2023,2,F,BM,AS,1,31.1,35.2,34.3,33.5
08/31/2023,2,F,BM,AS,2,36.3,34,33,34.4
08/31/2023,2,F,BM,AS,3,34.8,37.7,33.9,35.5
08/31/2023,2,C,CM,AS,1,38.4,37.8,39.9,38.7
08/31/2023,2,C,CM,AS,2,24.3,31.4,34.4,30.0
08/31/2023,2,C,CM,AS,3,31.4,26.1,33.6,30.4
08/31/2023,3,A,BM,DB,1,29.3,27,28.3,28.2
08/31/2023,3,A,BM,DB,2,38.5,34.2,35.6,36.1
08/31/2023,3,A,BM,DB,3,36.9,33.5,30.1,33.5
08/31/2023,3,D,SM,DB,1,31.1,30.3,29.8,30.4
08/31/2023,3,D,SM,DB,2,35.2,34.1,31.1,33.5
08/31/2023,3,D,SM,DB,3,33.6,29.3,34.9,32.6
08/31/2023,3,G,CM,DB,1,38.9,32.8,42.7,38.1
08/31/2023,3,G,CM,DB,2,37.4,38.7,41,39.0
08/31/2023,3,G,CM,DB,3,40,35.1,34.3,36.5
08/31/2023,5,G,BM,AS,1,29.4,36.6,34.1,33.4
08/31/2023,5,G,BM,AS,2,34.4,30.2,35.3,33.3
08/31/2023,5,G,BM,AS,3,35.2,33.4,32.3,33.6
08/31/2023,5,H,SM,AS,1,31.7,32.2,31.3,31.7
08/31/2023,5,H,SM,AS,2,38.9,36,36.9,37.3
08/31/2023,5,H,SM,AS,3,42.4,41.2,43.6,42.4
08/31/2023,3,H,SM,FC,1,42,41.3,42.7,42.0
08/31/2023,3,H,SM,FC,2,45.2,42.3,45.7,44.4
08/31/2023,3,H,SM,FC,3,39.7,42.6,47.2,43.2
08/31/2023,3,E,BM,FC,1,40.1,52.2,43.7,45.3
08/31/2023,3,E,BM,FC,2,43.8,45.3,43,44.0
08/31/2023,3,E,BM,FC,3,46.8,41.8,41.4,43.3
08/31/2023,3,B,CM,FC,1,51,49.3,50.8,50.4
08/31/2023,3,B,CM,FC,2,43.8,42.8,54.2,46.9
08/31/2023,3,B,CM,FC,3,50.7,40,53,47.9
08/31/2023,3,C,SM,AS,1,37.9,33,34,35.0
08/31/2023,3,C,SM,AS,2,30.1,29.9,29,29.7
08/31/2023,3,C,SM,AS,3,37,39.1,37,37.7
08/31/2023,3,F,BM,AS,1,37.4,35.1,33.7,35.4
08/31/2023,3,F,BM,AS,2,35.2,32.5,35,34.2
08/31/2023,3,F,BM,AS,3,28.8,27.9,30.6,29.1
08/31/2023,3,I,CM,AS,1,35.3,37,37.1,36.5
08/31/2023,3,I,CM,AS,2,35.5,34.7,34.5,34.9
08/31/2023,3,I,CM,AS,3,31.2,33.4,32.1,32.2
08/31/2023,5,I,BM,AS,1,36.1,38.8,41.4,38.8
08/31/2023,5,I,BM,AS,2,34.4,30.7,36,33.7
08/31/2023,5,I,BM,AS,3,33.2,33.8,36.5,34.5
08/31/2023,4,G,CM,FC,1,45.2,49.1,44.3,46.2
08/31/2023,4,G,CM,FC,2,42.1,41.1,33.4,38.9
08/31/2023,4,G,CM,FC,3,36.5,36.4,33.3,35.4
08/31/2023,4,D,BM,FC,1,38.5,40.8,42.8,40.7
08/31/2023,4,D,BM,FC,2,39,46.5,38.8,41.4
08/31/2023,4,D,BM,FC,3,47.3,45.8,43.7,45.6
08/31/2023,4,A,SM,FC,1,41.1,39.6,49.9,43.5
08/31/2023,4,A,SM,FC,2,51.7,53.1,47.9,50.9
08/31/2023,4,A,SM,FC,3,54.8,49.6,45.6,50.0
08/31/2023,4,B,CM,DB,1,36.5,29.3,35.1,33.6
08/31/2023,4,B,CM,DB,2,26.4,27.6,27,27.0
08/31/2023,4,B,CM,DB,3,36.3,36.5,36.3,36.4
08/31/2023,4,E,BM,DB,1,33.5,33.8,26.8,31.4
08/31/2023,4,E,BM,DB,2,27.4,27.3,28.3,27.7
08/31/2023,4,E,BM,DB,3,29.7,25.1,27.9,27.6
08/31/2023,4,H,SM,DB,1,23.6,30.8,27.3,27.2
08/31/2023,4,H,SM,DB,2,32.7,35.9,37.1,35.2
08/31/2023,4,H,SM,DB,3,25.9,26.1,26.5,26.2
08/31/2023,4,I,CM,AS,1,33.6,36.1,33.4,34.4
08/31/2023,4,I,CM,AS,2,40.2,35.6,38.7,38.2
08/31/2023,4,I,CM,AS,3,30.6,29.8,31.9,30.8
08/31/2023,4,F,SM,AS,1,42.2,43.9,41.9,42.7
08/31/2023,4,F,SM,AS,2,44.3,43.2,42,43.2
08/31/2023,4,F,SM,AS,3,40.2,38.6,40.5,39.8
08/31/2023,4,C,BM,AS,1,40,34.1,36.6,36.9
08/31/2023,4,C,BM,AS,2,35.9,35.6,35.4,35.6
08/31/2023,4,C,BM,AS,3,39.4,38.9,41.2,39.8
09/19/2023,1,A,SM,AS,1,36.2,36.4,34.7,35.8
09/19/2023,1,A,SM,AS,2,38.1,39.2,39.1,38.8
09/19/2023,1,A,SM,AS,3,37.6,32.2,39.6,36.5
09/19/2023,1,D,CM,AS,1,38.9,41,41.1,40.3
09/19/2023,1,D,CM,AS,2,41.5,44.6,43.1,43.1
09/19/2023,1,D,CM,AS,3,33.6,34.7,35,34.4
09/19/2023,1,G,BM,AS,1,32.1,33.5,36.7,34.1
09/19/2023,1,G,BM,AS,2,38,32.1,37.2,35.8
09/19/2023,1,G,BM,AS,3,42.7,40.9,42.9,42.2
09/19/2023,5,A,CM,AS,1,40.9,38.1,39.3,39.4
09/19/2023,5,A,CM,AS,2,39.9,38.3,40.5,39.6
09/19/2023,5,A,CM,AS,3,38.3,24.9,29.9,31.0
09/19/2023,5,B,CM,AS,1,34,31.2,37.8,34.3
09/19/2023,5,B,CM,AS,2,35.8,35.3,37.8,36.3
09/19/2023,5,B,CM,AS,3,32,34,33.1,33.0
09/19/2023,1,H,SM,FC,1,51.9,61.3,57,56.7
09/19/2023,1,H,SM,FC,2,60.7,62.3,64.2,62.4
09/19/2023,1,H,SM,FC,3,60.4,64.5,58.1,61.0
09/19/2023,1,E,CM,FC,1,53.9,57.3,63.8,58.3
09/19/2023,1,E,CM,FC,2,65.9,59.7,52.6,59.4
09/19/2023,1,E,CM,FC,3,58.2,48.5,51.4,52.7
09/19/2023,1,B,BM,FC,1,56,55.6,56.7,56.1
09/19/2023,1,B,BM,FC,2,52.2,59.4,58.5,56.7
09/19/2023,1,B,BM,FC,3,43.3,43.6,44.1,43.7
09/19/2023,1,C,CM,DB,1,29.9,31.2,33.9,31.7
09/19/2023,1,C,CM,DB,2,42.2,35.3,35.2,37.6
09/19/2023,1,C,CM,DB,3,32.2,34.1,38.4,34.9
09/19/2023,1,F,SM,DB,1,35.1,37.4,34.4,35.6
09/19/2023,1,F,SM,DB,2,33.3,36.1,35,34.8
09/19/2023,1,F,SM,DB,3,45.8,45.9,36.7,42.8
09/19/2023,1,I,BM,DB,1,33.9,27.8,34.5,32.1
09/19/2023,1,I,BM,DB,2,35.5,40.1,39.5,38.4
09/19/2023,1,I,BM,DB,3,37.4,38.6,35.7,37.2
09/19/2023,5,C,SM,AS,1,37.7,35.9,36.2,36.6
09/19/2023,5,C,SM,AS,2,39,37.3,37,37.8
09/19/2023,5,C,SM,AS,3,36.4,34.7,41,37.4
09/19/2023,5,D,SM,AS,1,38.1,37.4,36.3,37.3
09/19/2023,5,D,SM,AS,2,39.4,35.8,38.1,37.8
09/19/2023,5,D,SM,AS,3,36.7,35.7,42,38.1
09/19/2023,2,G,SM,FC,1,57.3,49.2,60.7,55.7
09/19/2023,2,G,SM,FC,2,52,56,59.3,55.8
09/19/2023,2,G,SM,FC,3,54.5,42.5,40.4,45.8
09/19/2023,2,D,BM,FC,1,59.7,47.8,58.5,55.3
09/19/2023,2,D,BM,FC,2,61.3,58.6,60.8,60.2
09/19/2023,2,D,BM,FC,3,50.1,63.5,58.8,57.5
09/19/2023,2,A,CM,FC,1,54,52.7,50,52.2
09/19/2023,2,A,CM,FC,2,42.5,45,58.3,48.6
09/19/2023,2,A,CM,FC,3,50.9,55.2,52.7,52.9
09/19/2023,2,B,SM,DB,1,48.1,42.7,42.3,44.4
09/19/2023,2,B,SM,DB,2,48.5,48.9,46.3,47.9
09/19/2023,2,B,SM,DB,3,36.5,36.9,42.6,38.7
09/19/2023,2,E,BM,DB,1,42.7,47.4,42.3,44.1
09/19/2023,2,E,BM,DB,2,36.9,34.2,35.4,35.5
09/19/2023,2,E,BM,DB,3,40.7,36.7,32.4,36.6
09/19/2023,2,H,CM,DB,1,44.9,42.5,44.5,44.0
09/19/2023,2,H,CM,DB,2,44.6,39.5,31.7,38.6
09/19/2023,2,H,CM,DB,3,30.1,28.5,30.1,29.6
09/19/2023,5,E,BM,AS,1,37.7,38.3,35,37.0
09/19/2023,5,E,BM,AS,2,38.2,37.6,40.1,38.6
09/19/2023,5,E,BM,AS,3,36.1,37,35.4,36.2
09/19/2023,5,F,CM,AS,1,37.3,39.7,43.7,40.2
09/19/2023,5,F,CM,AS,2,34.9,39.7,36.9,37.2
09/19/2023,5,F,CM,AS,3,36.2,33.1,36.2,35.2
09/19/2023,2,I,SM,AS,1,35.5,34.7,34.3,34.8
09/19/2023,2,I,SM,AS,2,38,32,40.1,36.7
09/19/2023,2,I,SM,AS,3,32.3,35.4,37.7,35.1
09/19/2023,2,F,BM,AS,1,38.2,38.3,37.1,37.9
09/19/2023,2,F,BM,AS,2,43,42.5,43.9,43.1
09/19/2023,2,F,BM,AS,3,40,36.3,37.5,37.9
09/19/2023,2,C,CM,AS,1,37.9,31,31,33.3
09/19/2023,2,C,CM,AS,2,40.6,41.7,44.1,42.1
09/19/2023,2,C,CM,AS,3,40.3,40.7,38.4,39.8
09/19/2023,3,A,BM,DB,1,47.7,45.5,54.7,49.3
09/19/2023,3,A,BM,DB,2,37.7,30.9,34.4,34.3
09/19/2023,3,A,BM,DB,3,39.3,46.1,50.3,45.2
09/19/2023,3,D,SM,DB,1,36.3,34,35.5,35.3
09/19/2023,3,D,SM,DB,2,54.9,45.4,38.7,46.3
09/19/2023,3,D,SM,DB,3,30.5,30.2,32.3,31.0
09/19/2023,3,G,CM,DB,1,43.1,38.3,40.6,40.7
09/19/2023,3,G,CM,DB,2,31.8,34.5,35.1,33.8
09/19/2023,3,G,CM,DB,3,30.5,25.9,26.3,27.6
09/19/2023,5,G,BM,AS,1,35.1,34.1,35.5,34.9
09/19/2023,5,G,BM,AS,2,37.6,38,43.7,39.8
09/19/2023,5,G,BM,AS,3,29.9,36.1,32.7,32.9
09/19/2023,5,H,SM,AS,1,40.1,33.7,37.8,37.2
09/19/2023,5,H,SM,AS,2,37.4,32.3,36.8,35.5
09/19/2023,5,H,SM,AS,3,34,34.8,25.1,31.3
09/19/2023,3,H,SM,FC,1,42.2,52.3,50.1,48.2
09/19/2023,3,H,SM,FC,2,51.4,42.9,49.6,48.0
09/19/2023,3,H,SM,FC,3,56.1,54.6,44.5,51.7
09/19/2023,3,E,BM,FC,1,45.3,44.3,54.2,47.9
09/19/2023,3,E,BM,FC,2,52.8,50.8,43.5,49.0
09/19/2023,3,E,BM,FC,3,57,49.3,42.2,49.5
09/19/2023,3,B,CM,FC,1,52.1,49.7,58.3,53.4
09/19/2023,3,B,CM,FC,2,63,52.4,59,58.1
09/19/2023,3,B,CM,FC,3,48.3,40.8,42.2,43.8
09/19/2023,3,C,SM,AS,1,35.5,32.2,31.8,33.2
09/19/2023,3,C,SM,AS,2,34.4,33.4,35.2,34.3
09/19/2023,3,C,SM,AS,3,33.2,34.6,34,33.9
09/19/2023,3,F,BM,AS,1,34.1,31.1,34.5,33.2
09/19/2023,3,F,BM,AS,2,42.1,38.5,41.5,40.7
09/19/2023,3,F,BM,AS,3,35.9,40.2,36.8,37.6
09/19/2023,3,I,CM,AS,1,34.2,40.3,36.2,36.9
09/19/2023,3,I,CM,AS,2,37.9,40.1,38.7,38.9
09/19/2023,3,I,CM,AS,3,39.8,41.3,41.3,40.8
09/19/2023,5,I,BM,AS,1,38.3,38.5,37.4,38.1
09/19/2023,5,I,BM,AS,2,32.9,34.7,35.5,34.4
09/19/2023,5,I,BM,AS,3,34.8,37,35.4,35.7
09/19/2023,4,G,CM,FC,1,45.5,52.5,40.8,46.3
09/19/2023,4,G,CM,FC,2,51.5,50.2,56.8,52.8
09/19/2023,4,G,CM,FC,3,58.5,52.1,59.7,56.8
09/19/2023,4,D,BM,FC,1,50.6,57.8,63.3,57.2
09/19/2023,4,D,BM,FC,2,57.5,56.8,52.2,55.5
09/19/2023,4,D,BM,FC,3,62.4,57.7,55.4,58.5
09/19/2023,4,A,SM,FC,1,60.7,51.8,53.4,55.3
09/19/2023,4,A,SM,FC,2,55.6,55.8,63.5,58.3
09/19/2023,4,A,SM,FC,3,60.8,55.3,56.3,57.5
09/19/2023,4,B,CM,DB,1,39.7,38.5,37.2,38.5
09/19/2023,4,B,CM,DB,2,42.6,38,38.7,39.8
09/19/2023,4,B,CM,DB,3,36.9,31,34.1,34.0
09/19/2023,4,E,BM,DB,1,42.7,43.8,44.2,43.6
09/19/2023,4,E,BM,DB,2,41.3,40.3,50.9,44.2
09/19/2023,4,E,BM,DB,3,32.5,32.6,31.9,32.3
09/19/2023,4,H,SM,DB,1,38.6,39.6,38.8,39.0
09/19/2023,4,H,SM,DB,2,37.1,39.9,40.1,39.0
09/19/2023,4,H,SM,DB,3,34.2,31.4,35.4,33.7
09/19/2023,4,I,CM,AS,1,40.7,40.6,38.6,40.0
09/19/2023,4,I,CM,AS,2,36.2,36.1,34.5,35.6
09/19/2023,4,I,CM,AS,3,33.9,32.7,35.8,34.1
09/19/2023,4,F,SM,AS,1,40.5,41.1,39.2,40.3
09/19/2023,4,F,SM,AS,2,42.5,37.8,43.3,41.2
09/19/2023,4,F,SM,AS,3,31.3,32.1,33.2,32.2
09/19/2023,4,C,BM,AS,1,31.8,33.5,37.1,34.1
09/19/2023,4,C,BM,AS,2,37.1,35.4,35,35.8
09/19/2023,4,C,BM,AS,3,49,48.9,52.5,50.1
06/27/2024,1,A,SM,DB,1,25.1,27.4,25.3,25.9
06/27/2024,1,A,SM,DB,2,25.7,29.1,26.3,27.0
06/27/2024,1,A,SM,DB,3,28.0,27.5,25.8,27.1
06/27/2024,1,B,BM,AS,1,31.4,34.0,28.8,31.4
06/27/2024,1,B,BM,AS,2,30.0,31.3,30.8,30.7
06/27/2024,1,B,BM,AS,3,31.2,33.1,32.1,32.1
06/27/2024,1,C,CM,FC,1,35.9,59.3,54.6,49.9
06/27/2024,1,C,CM,FC,2,126.2,49.7,56.8,77.6
06/27/2024,1,C,CM,FC,3,59.5,110.4,54.4,74.8
06/27/2024,1,D,CM,DB,1,27.7,18.4,22.0,22.7
06/27/2024,1,D,CM,DB,2,20.3,21.1,22.9,21.4
06/27/2024,1,D,CM,DB,3,25.5,17.7,22.4,21.9
06/27/2024,1,E,CM,AS,1,26.9,28.0,32.1,29.0
06/27/2024,1,E,CM,AS,2,33.6,34.1,30.8,32.8
06/27/2024,1,E,CM,AS,3,30.5,29.6,30.7,30.3
06/27/2024,1,F,SM,FC,1,100.3,69.0,45.6,71.6
06/27/2024,1,F,SM,FC,2,75.9,55.6,45.4,59.0
06/27/2024,1,F,SM,FC,3,90.5,51.5,50.6,64.2
06/27/2024,1,G,BM,DB,1,30.1,26.1,34.5,30.2
06/27/2024,1,G,BM,DB,2,29.1,24.9,27.8,27.3
06/27/2024,1,G,BM,DB,3,30.4,25.3,26.7,27.5
06/27/2024,1,H,SM,AS,1,32.8,33.2,33.7,33.2
06/27/2024,1,H,SM,AS,2,32.7,35.0,36.0,34.6
06/27/2024,1,H,SM,AS,3,29.6,29.7,35.3,31.5
06/27/2024,1,I,BM,FC,1,106.0,109.1,52.5,89.2
06/27/2024,1,I,BM,FC,2,44.6,51.4,53.6,49.9
06/27/2024,1,I,BM,FC,3,56.4,72.9,57.5,62.3
06/27/2024,2,A,CM,AS,1,32.3,40.4,31.6,34.8
06/27/2024,2,A,CM,AS,2,30.4,30.8,30.9,30.7
06/27/2024,2,A,CM,AS,3,32.7,29.2,31.7,31.2
06/27/2024,2,B,SM,FC,1,62.6,57.8,57.8,59.4
06/27/2024,2,B,SM,FC,2,57.9,56.8,45.9,53.5
06/27/2024,2,B,SM,FC,3,58.7,63.7,61.1,61.2
06/27/2024,2,C,CM,DB,1,23.5,24.8,20.8,23.0
06/27/2024,2,C,CM,DB,2,26.7,25.1,29.9,27.2
06/27/2024,2,C,CM,DB,3,23.8,25.3,26.4,25.2
06/27/2024,2,D,BM,AS,1,31.3,40.7,29.2,33.7
06/27/2024,2,D,BM,AS,2,29.9,41.7,35.8,35.8
06/27/2024,2,D,BM,AS,3,31.5,31.7,31.6,31.6
06/27/2024,2,E,BM,FC,1,53.2,58.0,54.6,55.3
06/27/2024,2,E,BM,FC,2,55.0,49.1,37.6,47.2
06/27/2024,2,E,BM,FC,3,55.0,45.7,86.8,62.5
06/27/2024,2,F,BM,DB,1,34.3,35.8,32.4,34.2
06/27/2024,2,F,BM,DB,2,28.6,32.9,33.3,31.6
06/27/2024,2,F,BM,DB,3,32.9,36.7,28.7,32.8
06/27/2024,2,G,SM,AS,1,48.0,35.0,34.1,39.0
06/27/2024,2,G,SM,AS,2,29.3,25.8,34.9,30.0
06/27/2024,2,G,SM,AS,3,43.9,40.5,41.2,41.9
06/27/2024,2,H,CM,FC,1,53.2,54.6,48.4,52.1
06/27/2024,2,H,CM,FC,2,99.4,37.0,44.6,60.3
06/27/2024,2,H,CM,FC,3,53.6,55.1,106.0,71.6
06/27/2024,2,I,SM,DB,1,27.5,27.3,26.9,27.2
06/27/2024,2,I,SM,DB,2,23.1,28.6,26.7,26.1
06/27/2024,2,I,SM,DB,3,25.1,25.8,26.3,25.7
06/27/2024,3,A,BM,FC,1,52.8,50.9,55.9,53.2
06/27/2024,3,A,BM,FC,2,57.5,80.8,54.2,64.2
06/27/2024,3,A,BM,FC,3,112.1,39.3,52.7,68.0
06/27/2024,3,B,CM,AS,1,29.4,29.9,32.7,30.7
06/27/2024,3,B,CM,AS,2,31.3,29.8,31.2,30.8
06/27/2024,3,B,CM,AS,3,27.5,26.2,23.4,25.7
06/27/2024,3,C,SM,DB,1,28.7,28.4,26.5,27.9
06/27/2024,3,C,SM,DB,2,31.4,27.4,32.1,30.3
06/27/2024,3,C,SM,DB,3,32.3,29.0,28.7,30.0
06/27/2024,3,D,SM,FC,1,60.8,54.5,52.3,55.9
06/27/2024,3,D,SM,FC,2,58.3,61.6,53.7,57.9
06/27/2024,3,D,SM,FC,3,42.8,55.8,110.9,69.8
06/27/2024,3,E,BM,AS,1,33.7,34.3,33.1,33.7
06/27/2024,3,E,BM,AS,2,30.7,31.0,29.6,30.4
06/27/2024,3,E,BM,AS,3,31.2,27.2,28.4,28.9
06/27/2024,3,F,BM,DB,1,31.6,29.1,30.1,30.3
06/27/2024,3,F,BM,DB,2,24.2,26.3,32.3,27.6
06/27/2024,3,F,BM,DB,3,28.3,29.6,30.4,29.4
06/27/2024,3,G,CM,FC,1,65.1,53.6,54.4,57.7
06/27/2024,3,G,CM,FC,2,43.2,49.5,59.5,50.7
06/27/2024,3,G,CM,FC,3,62.1,41.3,53.5,52.3
06/27/2024,3,H,SM,AS,1,32.8,31.9,29.7,31.5
06/27/2024,3,H,SM,AS,2,29.3,30.9,28.4,29.5
06/27/2024,3,H,SM,AS,3,33.9,34.7,36.4,35.0
06/27/2024,3,I,CM,DB,1,26.2,23.0,28.7,26.0
06/27/2024,3,I,CM,DB,2,20.1,23.7,21.7,21.8
06/27/2024,3,I,CM,DB,3,19.7,22.9,21.1,21.2
06/27/2024,4,A,SM,AS,1,55.8,36.9,38.2,43.6
06/27/2024,4,A,SM,AS,2,31.3,39.6,36.1,35.7
06/27/2024,4,A,SM,AS,3,38.1,34.8,34.7,35.9
06/27/2024,4,B,CM,FC,1,61.1,55.1,96.2,70.8
06/27/2024,4,B,CM,FC,2,44.4,49.7,46.5,46.9
06/27/2024,4,B,CM,FC,3,52.5,107.9,54.8,71.7
06/27/2024,4,C,BM,DB,1,13.6,21.5,22.4,19.2
06/27/2024,4,C,BM,DB,2,22.8,20.0,27.2,23.3
06/27/2024,4,C,BM,DB,3,27.5,22.6,26.4,25.5
06/27/2024,4,D,BM,AS,1,32.2,32.0,34.0,32.7
06/27/2024,4,D,BM,AS,2,32.2,32.4,29.4,31.3
06/27/2024,4,D,BM,AS,3,32.5,27.2,29.6,29.8
06/27/2024,4,E,BM,FC,1,60.2,56.9,51.6,56.2
06/27/2024,4,E,BM,FC,2,61.2,116.5,62.7,80.1
06/27/2024,4,E,BM,FC,3,57.7,52.1,45.1,51.6
06/27/2024,4,F,SM,DB,1,22.9,25.6,21.7,23.4
06/27/2024,4,F,SM,DB,2,29.8,25.8,28.7,28.1
06/27/2024,4,F,SM,DB,3,20.5,21.2,17.4,19.7
06/27/2024,4,G,CM,AS,1,33.5,31.5,33.0,32.7
06/27/2024,4,G,CM,AS,2,30.3,29.6,27.7,29.2
06/27/2024,4,G,CM,AS,3,33.1,30.2,34.2,32.5
06/27/2024,4,H,SM,FC,1,64.4,57.0,60.7,60.7
06/27/2024,4,H,SM,FC,2,65.4,59.8,50.7,58.6
06/27/2024,4,H,SM,FC,3,53.7,50.1,58.0,53.9
06/27/2024,4,I,CM,DB,1,22.2,24.0,30.1,25.4
06/27/2024,4,I,CM,DB,2,22.0,12.5,14.7,16.4
06/27/2024,4,I,CM,DB,3,22.8,23.1,24.1,23.3
07/16/2024,1,A,SM,DB,1,34.1,32.3,37.6,34.7
07/16/2024,1,A,SM,DB,2,25.6,30.1,27.0,27.6
07/16/2024,1,A,SM,DB,3,27.2,31.0,26.5,28.2
07/16/2024,1,B,BM,AS,1,40.1,37.1,34.4,37.2
07/16/2024,1,B,BM,AS,2,62.5,63.1,56.4,60.7
07/16/2024,1,B,BM,AS,3,36.5,68.0,38.3,47.6
07/16/2024,1,C,CM,FC,1,49.8,34.3,111.5,65.2
07/16/2024,1,C,CM,FC,2,56.1,54.8,64.3,58.4
07/16/2024,1,C,CM,FC,3,106.6,58.7,49.8,71.7
07/16/2024,1,D,CM,DB,1,22.0,26.7,25.2,24.6
07/16/2024,1,D,CM,DB,2,29.9,32.4,33.4,31.9
07/16/2024,1,D,CM,DB,3,24.5,22.7,24.5,23.9
07/16/2024,1,E,CM,AS,1,43.2,40.5,46.4,43.4
07/16/2024,1,E,CM,AS,2,39.7,40.2,39.0,39.6
07/16/2024,1,E,CM,AS,3,31.7,32.3,30.2,31.4
07/16/2024,1,F,SM,FC,1,62.9,54.9,64.2,60.7
07/16/2024,1,F,SM,FC,2,49.2,44.9,63.2,52.4
07/16/2024,1,F,SM,FC,3,116.0,42.1,63.9,74.0
07/16/2024,1,G,BM,DB,1,30.5,21.1,28.4,26.7
07/16/2024,1,G,BM,DB,2,29.1,26.9,26.1,27.4
07/16/2024,1,G,BM,DB,3,28.4,30.0,30.1,29.5
07/16/2024,1,H,SM,AS,1,40.5,42.7,40.5,41.2
07/16/2024,1,H,SM,AS,2,36.6,41.1,39.4,39.0
07/16/2024,1,H,SM,AS,3,38.5,40.8,38.9,39.4
07/16/2024,1,I,BM,FC,1,40.1,39.5,57.9,45.8
07/16/2024,1,I,BM,FC,2,49.6,44.6,49.8,48.0
07/16/2024,1,I,BM,FC,3,54.9,36.2,62.6,51.2
07/16/2024,2,A,CM,AS,1,32.5,35.3,34.7,34.2
07/16/2024,2,A,CM,AS,2,37.1,37.4,34.6,36.4
07/16/2024,2,A,CM,AS,3,37.6,36.7,39.3,37.9
07/16/2024,2,B,SM,FC,1,47.3,50.1,62.5,53.3
07/16/2024,2,B,SM,FC,2,56.2,46.8,56.5,53.2
07/16/2024,2,B,SM,FC,3,58.7,55.2,49.3,54.4
07/16/2024,2,C,CM,DB,1,26.1,29.0,27.3,27.5
07/16/2024,2,C,CM,DB,2,28.8,29.9,31.3,30.0
07/16/2024,2,C,CM,DB,3,32.2,30.8,32.0,31.7
07/16/2024,2,D,BM,AS,1,38.1,31.7,35.6,35.1
07/16/2024,2,D,BM,AS,2,43.6,42.2,42.1,42.6
07/16/2024,2,D,BM,AS,3,42.1,44.7,52.8,46.5
07/16/2024,2,E,BM,FC,1,55.1,59.3,61.7,58.7
07/16/2024,2,E,BM,FC,2,111.1,114.4,61.8,95.8
07/16/2024,2,E,BM,FC,3,54.2,59.7,63.8,59.2
07/16/2024,2,F,BM,DB,1,36.3,37.6,40.9,38.3
07/16/2024,2,F,BM,DB,2,35.4,32.9,30.4,32.9
07/16/2024,2,F,BM,DB,3,41.0,42.7,31.2,38.3
07/16/2024,2,G,SM,AS,1,NA,NA,NA,NA
07/16/2024,2,G,SM,AS,2,NA,NA,NA,NA
07/16/2024,2,G,SM,AS,3,NA,NA,NA,NA
07/16/2024,2,H,CM,FC,1,59.2,43.1,48.5,50.3
07/16/2024,2,H,CM,FC,2,61.7,54.3,101.3,72.4
07/16/2024,2,H,CM,FC,3,59.7,65.3,68.2,64.4
07/16/2024,2,I,SM,DB,1,32.7,30.9,31.9,31.8
07/16/2024,2,I,SM,DB,2,25.2,23.9,24.8,24.6
07/16/2024,2,I,SM,DB,3,27.5,23.3,22.0,24.3
07/16/2024,3,A,BM,FC,1,62.2,54.9,59.9,59.0
07/16/2024,3,A,BM,FC,2,53.9,64.8,52.4,57.0
07/16/2024,3,A,BM,FC,3,59.7,61.2,59.4,60.1
07/16/2024,3,B,CM,AS,1,30.9,29.6,34.3,31.6
07/16/2024,3,B,CM,AS,2,38.6,33.8,36.5,36.3
07/16/2024,3,B,CM,AS,3,36.6,39.0,40.5,38.7
07/16/2024,3,C,SM,DB,1,29.5,24.7,26.2,26.8
07/16/2024,3,C,SM,DB,2,33.7,35.9,31.7,33.8
07/16/2024,3,C,SM,DB,3,27.4,28.7,23.1,26.4
07/16/2024,3,D,SM,FC,1,71.9,59.6,54.9,62.1
07/16/2024,3,D,SM,FC,2,111.4,54.3,53.9,73.2
07/16/2024,3,D,SM,FC,3,56.9,56.5,54.0,55.8
07/16/2024,3,E,BM,AS,1,40.6,35.8,42.9,39.8
07/16/2024,3,E,BM,AS,2,40.2,36.9,35.4,37.5
07/16/2024,3,E,BM,AS,3,45.8,41.5,37.4,41.6
07/16/2024,3,F,BM,DB,1,30.7,30.5,33.0,31.4
07/16/2024,3,F,BM,DB,2,26.8,28.8,29.6,28.4
07/16/2024,3,F,BM,DB,3,25.4,22.3,24.5,24.1
07/16/2024,3,G,CM,FC,1,42.3,72.2,56.6,57.0
07/16/2024,3,G,CM,FC,2,42.2,43.4,60.2,48.6
07/16/2024,3,G,CM,FC,3,52.6,53.0,56.8,54.1
07/16/2024,3,H,SM,AS,1,38.0,39.9,39.1,39.0
07/16/2024,3,H,SM,AS,2,36.7,37.5,36.9,37.0
07/16/2024,3,H,SM,AS,3,49.6,44.7,42.0,45.4
07/16/2024,3,I,CM,DB,1,33.3,30.8,29.3,31.1
07/16/2024,3,I,CM,DB,2,33.1,32.6,31.5,32.4
07/16/2024,3,I,CM,DB,3,27.5,28.2,29.3,28.3
07/16/2024,4,A,SM,AS,1,32.1,50.6,33.3,38.7
07/16/2024,4,A,SM,AS,2,42.4,38.3,37.2,39.3
07/16/2024,4,A,SM,AS,3,43.0,46.9,39.4,43.1
07/16/2024,4,B,CM,FC,1,48.2,61.1,83.4,64.2
07/16/2024,4,B,CM,FC,2,56.9,62.4,59.7,59.7
07/16/2024,4,B,CM,FC,3,48.8,56.6,62.2,55.9
07/16/2024,4,C,BM,DB,1,26.9,32.7,30.8,30.1
07/16/2024,4,C,BM,DB,2,25.9,20.4,22.3,22.9
07/16/2024,4,C,BM,DB,3,25.1,28.7,31.8,28.5
07/16/2024,4,D,BM,AS,1,37.0,43.2,43.6,41.3
07/16/2024,4,D,BM,AS,2,42.4,40.2,41.9,41.5
07/16/2024,4,D,BM,AS,3,44.5,42.1,43.8,43.5
07/16/2024,4,E,BM,FC,1,39.3,46.7,87.9,58.0
07/16/2024,4,E,BM,FC,2,35.3,44.6,58.6,46.2
07/16/2024,4,E,BM,FC,3,55.9,43.7,61.8,53.8
07/16/2024,4,F,SM,DB,1,28.7,26.9,29.0,28.2
07/16/2024,4,F,SM,DB,2,26.8,22.9,20.3,23.3
07/16/2024,4,F,SM,DB,3,26.1,29.1,27.7,27.6
07/16/2024,4,G,CM,AS,1,33.1,37.2,35.2,35.2
07/16/2024,4,G,CM,AS,2,37.7,37.9,39.0,38.2
07/16/2024,4,G,CM,AS,3,39.4,39.3,38.9,39.2
07/16/2024,4,H,SM,FC,1,43.1,41.1,46.0,43.4
07/16/2024,4,H,SM,FC,2,93.2,103.2,114.6,103.7
07/16/2024,4,H,SM,FC,3,54.4,105.9,109.5,89.9
07/16/2024,4,I,CM,DB,1,27.6,28.4,27.7,27.9
07/16/2024,4,I,CM,DB,2,34.2,28.9,33.6,32.2
07/16/2024,4,I,CM,DB,3,33.7,34.7,31.0,33.1
08/12/2024,1,A,SM,DB,1,30.5,30.2,24.7,28.5
08/12/2024,1,A,SM,DB,2,32.8,30.1,25.0,29.3
08/12/2024,1,A,SM,DB,3,26.6,24.9,22.6,24.7
08/12/2024,1,B,BM,AS,1,38.9,35.8,40.6,38.4
08/12/2024,1,B,BM,AS,2,31.9,29.2,27.7,29.6
08/12/2024,1,B,BM,AS,3,30.7,40.3,66.5,45.8
08/12/2024,1,C,CM,FC,1,44.9,57.6,57.0,53.2
08/12/2024,1,C,CM,FC,2,53.1,108.0,53.5,71.5
08/12/2024,1,C,CM,FC,3,38.5,56.4,48.1,47.7
08/12/2024,1,D,CM,DB,1,33.9,24.7,25.2,27.9
08/12/2024,1,D,CM,DB,2,28.3,24.8,20.7,24.6
08/12/2024,1,D,CM,DB,3,29.6,28.8,29.1,29.2
08/12/2024,1,E,CM,AS,1,29.7,36.4,34.6,33.6
08/12/2024,1,E,CM,AS,2,33.1,36.2,38.5,35.9
08/12/2024,1,E,CM,AS,3,41.8,33.9,55.3,43.7
08/12/2024,1,F,SM,FC,1,47.1,57.6,49.0,51.2
08/12/2024,1,F,SM,FC,2,44.6,46.9,NA,45.8
08/12/2024,1,F,SM,FC,3,54.0,58.1,57.2,56.4
08/12/2024,1,G,BM,DB,1,20.6,19.3,18.1,19.3
08/12/2024,1,G,BM,DB,2,16.1,22.9,18.8,19.3
08/12/2024,1,G,BM,DB,3,22.2,17.5,8.6,16.1
08/12/2024,1,H,SM,AS,1,37.2,39.3,37.6,38.0
08/12/2024,1,H,SM,AS,2,42.9,44.9,40.2,42.7
08/12/2024,1,H,SM,AS,3,42.5,37.5,42.9,41.0
08/12/2024,1,I,BM,FC,1,54.6,53.0,108.0,71.9
08/12/2024,1,I,BM,FC,2,51.3,50.2,58.3,53.3
08/12/2024,1,I,BM,FC,3,47.7,54.5,48.4,50.2
08/12/2024,2,A,CM,AS,1,39.5,37.4,35.3,37.4
08/12/2024,2,A,CM,AS,2,37.6,42.0,37.2,38.9
08/12/2024,2,A,CM,AS,3,42.9,42.0,33.4,39.4
08/12/2024,2,B,SM,FC,1,58.0,53.1,86.2,65.8
08/12/2024,2,B,SM,FC,2,50.3,46.7,52.4,49.8
08/12/2024,2,B,SM,FC,3,52.4,56.4,56.3,55.0
08/12/2024,2,C,CM,DB,1,29.3,25.9,28.7,28.0
08/12/2024,2,C,CM,DB,2,25.1,12.5,19.3,19.0
08/12/2024,2,C,CM,DB,3,26.9,24.6,24.4,25.3
08/12/2024,2,D,BM,AS,1,42.1,30.6,36.7,36.5
08/12/2024,2,D,BM,AS,2,39.5,77.0,40.4,52.3
08/12/2024,2,D,BM,AS,3,35.9,33.7,37.9,35.8
08/12/2024,2,E,BM,FC,1,104.8,112.0,73.0,96.6
08/12/2024,2,E,BM,FC,2,58.2,46.2,67.1,57.2
08/12/2024,2,E,BM,FC,3,50.8,54.7,53.4,53.0
08/12/2024,2,F,BM,DB,1,28.4,30.0,25.6,28.0
08/12/2024,2,F,BM,DB,2,27.5,27.4,25.4,26.8
08/12/2024,2,F,BM,DB,3,28.8,24.1,24.0,25.6
08/12/2024,2,G,SM,AS,1,38.1,39.5,44.9,40.8
08/12/2024,2,G,SM,AS,2,33.4,35.8,29.6,32.9
08/12/2024,2,G,SM,AS,3,31.1,32.4,73.8,45.8
08/12/2024,2,H,CM,FC,1,46.5,50.1,53.9,50.2
08/12/2024,2,H,CM,FC,2,42.9,68.3,108.0,73.1
08/12/2024,2,H,CM,FC,3,65.2,59.8,53.6,59.5
08/12/2024,2,I,SM,DB,1,21.1,22.5,28.4,24.0
08/12/2024,2,I,SM,DB,2,25.4,28.3,32.0,28.6
08/12/2024,2,I,SM,DB,3,25.2,25.4,19.0,23.2
08/12/2024,3,A,BM,FC,1,41.1,52.5,42.8,45.5
08/12/2024,3,A,BM,FC,2,47.8,57.1,62.2,55.7
08/12/2024,3,A,BM,FC,3,102.0,47.8,58.1,69.3
08/12/2024,3,B,CM,AS,1,31.9,31.3,32.3,31.8
08/12/2024,3,B,CM,AS,2,39.2,42.1,38.1,39.8
08/12/2024,3,B,CM,AS,3,35.1,42.2,41.6,39.6
08/12/2024,3,C,SM,DB,1,37.0,27.4,24.5,29.6
08/12/2024,3,C,SM,DB,2,35.1,32.3,36.3,34.6
08/12/2024,3,C,SM,DB,3,28.4,30.3,28.0,28.9
08/12/2024,3,D,SM,FC,1,52.6,43.5,70.3,55.5
08/12/2024,3,D,SM,FC,2,48.0,47.1,50.7,48.6
08/12/2024,3,D,SM,FC,3,46.3,46.2,64.9,52.5
08/12/2024,3,E,BM,AS,1,38.9,36.1,37.3,37.4
08/12/2024,3,E,BM,AS,2,28.1,38.1,NA,33.1
08/12/2024,3,E,BM,AS,3,38.0,34.5,37.1,36.5
08/12/2024,3,F,BM,DB,1,36.0,28.5,30.0,31.5
08/12/2024,3,F,BM,DB,2,24.8,20.3,17.1,20.7
08/12/2024,3,F,BM,DB,3,25.4,26.9,22.0,24.8
08/12/2024,3,G,CM,FC,1,58.7,55.6,76.8,63.7
08/12/2024,3,G,CM,FC,2,43.0,103.0,99.6,81.9
08/12/2024,3,G,CM,FC,3,36.8,41.0,41.8,39.9
08/12/2024,3,H,SM,AS,1,32.2,33.3,31.2,32.2
08/12/2024,3,H,SM,AS,2,43.0,42.3,43.0,42.8
08/12/2024,3,H,SM,AS,3,35.2,40.9,45.7,40.6
08/12/2024,3,I,CM,DB,1,29.6,30.2,31.5,30.4
08/12/2024,3,I,CM,DB,2,25.0,23.6,23.5,24.0
08/12/2024,3,I,CM,DB,3,23.4,24.7,22.5,23.5
08/12/2024,4,A,SM,AS,1,44.5,39.7,54.4,46.2
08/12/2024,4,A,SM,AS,2,34.9,42.8,43.0,40.2
08/12/2024,4,A,SM,AS,3,34.9,40.5,37.0,37.5
08/12/2024,4,B,CM,FC,1,52.7,88.8,61.3,67.6
08/12/2024,4,B,CM,FC,2,45.1,105.1,51.7,67.3
08/12/2024,4,B,CM,FC,3,92.8,68.8,46.1,69.2
08/12/2024,4,C,BM,DB,1,34.4,29.8,30.4,31.5
08/12/2024,4,C,BM,DB,2,23.9,21.7,15.4,20.3
08/12/2024,4,C,BM,DB,3,28.8,30.1,29.4,29.4
08/12/2024,4,D,BM,AS,1,43.4,50.3,44.3,46.0
08/12/2024,4,D,BM,AS,2,43.5,27.1,36.2,35.6
08/12/2024,4,D,BM,AS,3,34.7,34.0,34.4,34.4
08/12/2024,4,E,BM,FC,1,54.6,67.4,60.9,61.0
08/12/2024,4,E,BM,FC,2,53.8,53.3,46.0,51.0
08/12/2024,4,E,BM,FC,3,43.9,48.9,41.3,44.7
08/12/2024,4,F,SM,DB,1,29.4,25.2,23.3,26.0
08/12/2024,4,F,SM,DB,2,22.3,24.5,24.2,23.7
08/12/2024,4,F,SM,DB,3,36.2,24.3,19.2,26.6
08/12/2024,4,G,CM,AS,1,41.9,42.1,36.4,40.1
08/12/2024,4,G,CM,AS,2,38.0,39.7,43.3,40.3
08/12/2024,4,G,CM,AS,3,50.0,42.1,34.0,42.0
08/12/2024,4,H,SM,FC,1,67.8,56.2,59.5,61.2
08/12/2024,4,H,SM,FC,2,50.3,42.6,64.2,52.4
08/12/2024,4,H,SM,FC,3,62.3,56.9,46.0,55.1
08/12/2024,4,I,CM,DB,1,21.5,24.6,23.7,23.3
08/12/2024,4,I,CM,DB,2,28.7,26.4,19.9,25.0
08/12/2024,4,I,CM,DB,3,26.4,25.1,19.3,23.6
08/28/2024,1,A,SM,DB,1,14.9,10.5,9.3,11.6
08/28/2024,1,A,SM,DB,2,25.0,23.6,20.3,23.0
08/28/2024,1,A,SM,DB,3,24.8,25.1,24.3,24.7
08/28/2024,1,B,BM,AS,1,33.4,34.0,38.0,35.1
08/28/2024,1,B,BM,AS,2,33.6,34.1,37.2,35.0
08/28/2024,1,B,BM,AS,3,34.3,33.9,34.3,34.2
08/28/2024,1,C,CM,FC,1,55.1,47.9,107.1,70.0
08/28/2024,1,C,CM,FC,2,49.1,51.8,107.1,69.3
08/28/2024,1,C,CM,FC,3,43.8,100.1,74.0,72.6
08/28/2024,1,D,CM,DB,1,21.5,12.9,17.5,17.3
08/28/2024,1,D,CM,DB,2,19.0,26.4,28.1,24.5
08/28/2024,1,D,CM,DB,3,12.4,11.1,12.8,12.1
08/28/2024,1,E,CM,AS,1,31.4,37.4,30.7,33.2
08/28/2024,1,E,CM,AS,2,31.4,38.2,30.7,33.4
08/28/2024,1,E,CM,AS,3,53.1,39.2,40.9,44.4
08/28/2024,1,F,SM,FC,1,67.8,68.1,57.6,64.5
08/28/2024,1,F,SM,FC,2,54.2,57.1,44.8,52.0
08/28/2024,1,F,SM,FC,3,48.8,68.0,55.2,57.3
08/28/2024,1,G,BM,DB,1,NA,NA,NA,NA
08/28/2024,1,G,BM,DB,2,13.4,20.2,17.2,16.9
08/28/2024,1,G,BM,DB,3,0.6,18.9,10.7,10.1
08/28/2024,1,H,SM,AS,1,35.1,35.9,40.0,37.0
08/28/2024,1,H,SM,AS,2,36.1,38.6,37.3,37.3
08/28/2024,1,H,SM,AS,3,33.9,36.9,40.7,37.2
08/28/2024,1,I,BM,FC,1,57.1,61.9,55.4,58.1
08/28/2024,1,I,BM,FC,2,58.2,63.0,70.6,63.9
08/28/2024,1,I,BM,FC,3,58.3,73.5,60.7,64.2
08/28/2024,2,A,CM,AS,1,38.3,34.7,37.8,36.9
08/28/2024,2,A,CM,AS,2,38.4,36.1,37.3,37.3
08/28/2024,2,A,CM,AS,3,35.9,37.8,34.8,36.2
08/28/2024,2,B,SM,FC,1,47.9,41.3,46.8,45.3
08/28/2024,2,B,SM,FC,2,91.8,56.9,112.2,87.0
08/28/2024,2,B,SM,FC,3,50.8,65.3,83.0,66.4
08/28/2024,2,C,CM,DB,1,31.7,24.4,16.1,24.1
08/28/2024,2,C,CM,DB,2,21.2,27.9,25.8,25.0
08/28/2024,2,C,CM,DB,3,20.6,8.4,19.2,16.1
08/28/2024,2,D,BM,AS,1,35.8,33.7,30.4,33.3
08/28/2024,2,D,BM,AS,2,13.7,35.5,37.9,29.0
08/28/2024,2,D,BM,AS,3,32.5,37.6,33.7,34.6
08/28/2024,2,E,BM,FC,1,89.6,54.9,58.6,67.7
08/28/2024,2,E,BM,FC,2,68.6,57.0,62.5,62.7
08/28/2024,2,E,BM,FC,3,56.5,54.8,51.1,54.1
08/28/2024,2,F,BM,DB,1,22.9,14.5,28.3,21.9
08/28/2024,2,F,BM,DB,2,17.8,15.7,15.5,16.3
08/28/2024,2,F,BM,DB,3,13.2,11.0,13.0,12.4
08/28/2024,2,G,SM,AS,1,34.1,38.5,26.6,33.1
08/28/2024,2,G,SM,AS,2,38.2,37.0,30.9,35.4
08/28/2024,2,G,SM,AS,3,30.1,31.3,29.9,30.4
08/28/2024,2,H,CM,FC,1,53.2,54.2,54.1,53.8
08/28/2024,2,H,CM,FC,2,85.9,55.5,58.9,66.8
08/28/2024,2,H,CM,FC,3,44.8,52.1,60.0,52.3
08/28/2024,2,I,SM,DB,1,30.0,24.1,52.3,35.5
08/28/2024,2,I,SM,DB,2,28.4,17.3,16.3,20.7
08/28/2024,2,I,SM,DB,3,26.6,16.9,15.7,19.7
08/28/2024,3,A,BM,FC,1,54.5,60.8,104.1,73.1
08/28/2024,3,A,BM,FC,2,54.5,69.0,100.1,74.5
08/28/2024,3,A,BM,FC,3,57.5,62.8,57.7,59.3
08/28/2024,3,B,CM,AS,1,39.9,44.6,40.0,41.5
08/28/2024,3,B,CM,AS,2,33.3,37.5,31.9,34.2
08/28/2024,3,B,CM,AS,3,32.8,45.4,44.3,40.8
08/28/2024,3,C,SM,DB,1,14.5,18.1,12.9,15.2
08/28/2024,3,C,SM,DB,2,12.0,4.6,17.3,11.3
08/28/2024,3,C,SM,DB,3,28.0,33.9,30.0,30.6
08/28/2024,3,D,SM,FC,1,51.7,53.0,65.8,56.8
08/28/2024,3,D,SM,FC,2,61.2,60.0,57.4,59.5
08/28/2024,3,D,SM,FC,3,57.0,51.6,65.4,58.0
08/28/2024,3,E,BM,AS,1,38.0,38.8,40.7,39.2
08/28/2024,3,E,BM,AS,2,39.5,35.3,37.1,37.3
08/28/2024,3,E,BM,AS,3,38.1,40.2,39.8,39.4
08/28/2024,3,F,BM,DB,1,18.4,2.8,18.7,13.3
08/28/2024,3,F,BM,DB,2,17.5,16.6,13.9,16.0
08/28/2024,3,F,BM,DB,3,23.2,20.8,23.7,22.6
08/28/2024,3,G,CM,FC,1,55.4,67.4,113.1,78.6
08/28/2024,3,G,CM,FC,2,61.7,53.5,63.7,59.6
08/28/2024,3,G,CM,FC,3,55.4,66.6,55.0,59.0
08/28/2024,3,H,SM,AS,1,29.4,36.9,37.9,34.7
08/28/2024,3,H,SM,AS,2,43.9,38.9,44.0,42.3
08/28/2024,3,H,SM,AS,3,37.0,30.1,32.1,33.1
08/28/2024,3,I,CM,DB,1,19.4,12.8,18.4,16.9
08/28/2024,3,I,CM,DB,2,17.5,26.6,13.9,19.3
08/28/2024,3,I,CM,DB,3,23.2,20.8,23.7,22.6
08/28/2024,4,A,SM,AS,1,47.4,39.6,39.2,42.1
08/28/2024,4,A,SM,AS,2,37.9,39.2,39.9,39.0
08/28/2024,4,A,SM,AS,3,59.3,32.7,57.8,49.9
08/28/2024,4,B,CM,FC,1,51.6,49.6,62.7,54.6
08/28/2024,4,B,CM,FC,2,65.8,56.5,60.6,61.0
08/28/2024,4,B,CM,FC,3,49.2,61.0,59.6,56.6
08/28/2024,4,C,BM,DB,1,14.8,26.2,22.5,21.2
08/28/2024,4,C,BM,DB,2,21.2,24.0,23.4,22.9
08/28/2024,4,C,BM,DB,3,34.9,28.2,22.8,28.6
08/28/2024,4,D,BM,AS,1,32.2,29.2,34.3,31.9
08/28/2024,4,D,BM,AS,2,40.7,39.5,38.3,39.5
08/28/2024,4,D,BM,AS,3,37.1,38.9,39.3,38.4
08/28/2024,4,E,BM,FC,1,50.6,44.4,57.8,50.9
08/28/2024,4,E,BM,FC,2,72.7,62.2,65.4,66.8
08/28/2024,4,E,BM,FC,3,47.1,77.8,41.4,55.4
08/28/2024,4,F,SM,DB,1,33.8,30.9,30.4,31.7
08/28/2024,4,F,SM,DB,2,36.9,10.1,38.3,28.4
08/28/2024,4,F,SM,DB,3,20.9,29.2,34.6,28.2
08/28/2024,4,G,CM,AS,1,35.1,38.1,41.5,38.2
08/28/2024,4,G,CM,AS,2,43.6,45.6,38.3,42.5
08/28/2024,4,G,CM,AS,3,40.2,32.8,41.0,38.0
08/28/2024,4,H,SM,FC,1,56.5,64.6,59.7,60.3
08/28/2024,4,H,SM,FC,2,55.2,43.1,53.9,50.7
08/28/2024,4,H,SM,FC,3,45.0,55.6,44.3,48.3
08/28/2024,4,I,CM,DB,1,16.9,9.1,18.3,14.8
08/28/2024,4,I,CM,DB,2,20.9,19.2,24.6,21.6
08/28/2024,4,I,CM,DB,3,22.4,15.3,16.7,18.1
09/25/2024,1,A,SM,DB,1,6.0,7.2,NA,6.6
09/25/2024,1,A,SM,DB,2,28.4,34.6,8.2,23.7
09/25/2024,1,A,SM,DB,3,8.1,5.0,10.1,7.7
09/25/2024,1,B,BM,AS,1,42.1,36.9,41.9,40.3
09/25/2024,1,B,BM,AS,2,34.9,39.3,38.2,37.5
09/25/2024,1,B,BM,AS,3,41.4,38.8,40.4,40.2
09/25/2024,1,C,CM,FC,1,42.8,71.6,107.6,74.0
09/25/2024,1,C,CM,FC,2,68.7,59.3,57.3,61.8
09/25/2024,1,C,CM,FC,3,45.5,60.3,56.5,54.1
09/25/2024,1,D,CM,DB,1,20.6,10.0,9.2,13.3
09/25/2024,1,D,CM,DB,2,15.7,19.5,17.8,17.7
09/25/2024,1,D,CM,DB,3,3.6,15.3,25.3,14.7
09/25/2024,1,E,CM,AS,1,39.2,40.2,42.2,40.5
09/25/2024,1,E,CM,AS,2,35.1,25.7,30.7,30.5
09/25/2024,1,E,CM,AS,3,29.5,61.7,32.1,41.1
09/25/2024,1,F,SM,FC,1,56.8,62.5,115.6,78.3
09/25/2024,1,F,SM,FC,2,103.5,59.4,57.8,73.6
09/25/2024,1,F,SM,FC,3,60.1,122.8,70.3,84.4
09/25/2024,1,G,BM,DB,1,17.7,30.5,25.1,24.4
09/25/2024,1,G,BM,DB,2,3.7,3.9,13.6,7.1
09/25/2024,1,G,BM,DB,3,6.1,1.1,4.1,3.8
09/25/2024,1,H,SM,AS,1,29.1,39.5,40.3,36.3
09/25/2024,1,H,SM,AS,2,40.2,32.5,33.4,35.4
09/25/2024,1,H,SM,AS,3,40.6,26.4,38.1,35.0
09/25/2024,1,I,BM,FC,1,107.7,65.6,112.7,95.3
09/25/2024,1,I,BM,FC,2,115.8,51.6,40.5,69.3
09/25/2024,1,I,BM,FC,3,61.0,46.6,63.6,57.1
09/25/2024,2,A,CM,AS,1,40.6,38.3,39.4,39.4
09/25/2024,2,A,CM,AS,2,38.8,38.2,42.0,39.7
09/25/2024,2,A,CM,AS,3,33.1,36.0,36.1,35.1
09/25/2024,2,B,SM,FC,1,59.1,71.8,64.3,65.1
09/25/2024,2,B,SM,FC,2,93.1,103.8,136.3,111.1
09/25/2024,2,B,SM,FC,3,122.2,108.2,100.5,110.3
09/25/2024,2,C,CM,DB,1,14.4,5.3,5.1,8.3
09/25/2024,2,C,CM,DB,2,13.5,7.3,13.1,11.3
09/25/2024,2,C,CM,DB,3,17.2,7.8,28.5,17.8
09/25/2024,2,D,BM,AS,1,42.0,40.4,42.1,41.5
09/25/2024,2,D,BM,AS,2,40.7,28.5,65.5,44.9
09/25/2024,2,D,BM,AS,3,30.8,24.1,29.0,28.0
09/25/2024,2,E,BM,FC,1,63.3,132.4,69.4,88.4
09/25/2024,2,E,BM,FC,2,102.5,107.1,40.8,83.5
09/25/2024,2,E,BM,FC,3,74.8,82.1,11.6,56.2
09/25/2024,2,F,BM,DB,1,1.8,3.1,1.4,2.1
09/25/2024,2,F,BM,DB,2,9.2,5.7,10.1,8.3
09/25/2024,2,F,BM,DB,3,6.5,6.6,22.2,11.8
09/25/2024,2,G,SM,AS,1,38.1,33.5,39.3,37.0
09/25/2024,2,G,SM,AS,2,40.5,39.1,39.9,39.8
09/25/2024,2,G,SM,AS,3,38.8,31.1,41.9,37.3
09/25/2024,2,H,CM,FC,1,66.8,95.7,91.5,84.7
09/25/2024,2,H,CM,FC,2,51.9,51.6,49.1,50.9
09/25/2024,2,H,CM,FC,3,118.4,71.7,51.2,80.4
09/25/2024,2,I,SM,DB,1,11.7,15.5,29.9,19.0
09/25/2024,2,I,SM,DB,2,15.3,15.3,14.7,15.1
09/25/2024,2,I,SM,DB,3,4.0,9.8,10.0,7.9
09/25/2024,3,A,BM,FC,1,62.7,43.5,56.6,54.3
09/25/2024,3,A,BM,FC,2,56.9,47.2,56.0,53.4
09/25/2024,3,A,BM,FC,3,121.5,51.5,69.2,80.7
09/25/2024,3,B,CM,AS,1,37.0,34.9,36.7,36.2
09/25/2024,3,B,CM,AS,2,33.3,36.4,39.3,36.3
09/25/2024,3,B,CM,AS,3,35.8,40.3,41.6,39.2
09/25/2024,3,C,SM,DB,1,21.5,17.1,9.7,16.1
09/25/2024,3,C,SM,DB,2,10.4,9.0,8.3,9.2
09/25/2024,3,C,SM,DB,3,60.2,30.4,24.1,38.2
09/25/2024,3,D,SM,FC,1,126.8,52.5,48.3,75.9
09/25/2024,3,D,SM,FC,2,103.9,48.7,59.3,70.6
09/25/2024,3,D,SM,FC,3,59.3,67.0,70.9,65.7
09/25/2024,3,E,BM,AS,1,66.4,44.5,43.1,51.3
09/25/2024,3,E,BM,AS,2,35.2,52.5,42.6,43.4
09/25/2024,3,E,BM,AS,3,43.8,42.7,48.0,44.8
09/25/2024,3,F,BM,DB,1,10.1,19.6,16.8,15.5
09/25/2024,3,F,BM,DB,2,17.1,8.8,14.2,13.4
09/25/2024,3,F,BM,DB,3,8.5,10.1,18.2,12.3
09/25/2024,3,G,CM,FC,1,63.3,62.2,55.3,60.3
09/25/2024,3,G,CM,FC,2,123.8,74.3,67.6,88.6
09/25/2024,3,G,CM,FC,3,58.6,60.4,72.4,63.8
09/25/2024,3,H,SM,AS,1,38.1,38.0,42.6,39.6
09/25/2024,3,H,SM,AS,2,34.8,42.5,43.0,40.1
09/25/2024,3,H,SM,AS,3,40.7,42.3,36.1,39.7
09/25/2024,3,I,CM,DB,1,1.4,9.5,10.4,7.1
09/25/2024,3,I,CM,DB,2,NA,15.4,11.5,13.5
09/25/2024,3,I,CM,DB,3,12.4,16.9,16.6,15.3
09/25/2024,4,A,SM,AS,1,43.9,33.8,40.5,39.4
09/25/2024,4,A,SM,AS,2,34.5,32.7,31.5,32.9
09/25/2024,4,A,SM,AS,3,37.0,37.9,38.3,37.7
09/25/2024,4,B,CM,FC,1,64.9,111.3,49.1,75.1
09/25/2024,4,B,CM,FC,2,112.4,91.1,53.7,85.7
09/25/2024,4,B,CM,FC,3,61.8,55.8,122.8,80.1
09/25/2024,4,C,BM,DB,1,27.9,5.7,14.9,16.2
09/25/2024,4,C,BM,DB,2,16.6,3.5,11.3,10.5
09/25/2024,4,C,BM,DB,3,16.1,15.2,16.3,15.9
09/25/2024,4,D,BM,AS,1,34.8,39.2,37.0,37.0
09/25/2024,4,D,BM,AS,2,40.2,39.7,38.9,39.6
09/25/2024,4,D,BM,AS,3,23.9,39.0,23.9,28.9
09/25/2024,4,E,BM,FC,1,131.4,106.1,147.8,128.4
09/25/2024,4,E,BM,FC,2,66.6,64.2,62.4,64.4
09/25/2024,4,E,BM,FC,3,107.9,136.9,60.4,101.7
09/25/2024,4,F,SM,DB,1,43.7,10.1,21.8,25.2
09/25/2024,4,F,SM,DB,2,16.3,4.2,2.8,7.8
09/25/2024,4,F,SM,DB,3,21.3,7.6,1.0,10.0
09/25/2024,4,G,CM,AS,1,38.2,50.3,42.0,43.5
09/25/2024,4,G,CM,AS,2,37.7,41.8,39.9,39.8
09/25/2024,4,G,CM,AS,3,39.3,36.8,47.1,41.1
09/25/2024,4,H,SM,FC,1,58.2,67.2,48.9,58.1
09/25/2024,4,H,SM,FC,2,63.9,50.8,47.3,54.0
09/25/2024,4,H,SM,FC,3,63.6,46.1,48.1,52.6
09/25/2024,4,I,CM,DB,1,2.0,14.7,9.5,8.7
09/25/2024,4,I,CM,DB,2,18.7,9.3,19.2,15.7
09/25/2024,4,I,CM,DB,3,1.3,5.9,3.4,3.5